Investor_Code,Investor_ISO3,Investor_Name,Issuer_Code,Issuer_ISO3_or_Group,Issuer_Name,Year,Methodology,Asset_Class_Codes,Source_Rows,Source_NA_Restated,Source_NA_Residency,Position_Residency_USD_mn,Restated_Ex_Domestic_USD_mn,Restated_Equity_USD_mn,Restated_Bonds_USD_mn,Diagonal_Forced_Zero,Imputation_By_This_Project,Publisher_Adjustment_Flag,Cell_Treatment,Primary_Source,Upstream_Source,Source_URL,Weight_Main,Weight_Residency,Weight_Equity,Weight_Bonds
AU,AUS,Australia,AU,AUS,Australia,2017,Fund Holdings,EF+B,2,0,0,313644.65625,318493.48826196976,184148.26977136917,134345.2184906006,True,none,GCAP estimated restatement; Position_Residency may include GCAP interpolation/extrapolation per documentation,EA issuer aggregation + diagonal set to zero + within-sample row normalization,GCAP Restated Bilateral External Portfolios v1.8,IMF CPIS,https://globalcapitalallocation.s3.us-east-2.amazonaws.com/Restated_Bilateral_External_Portfolios_ReadMe.pdf,0.0,0.0,0.0,0.0
AU,AUS,Australia,BR,BRA,Brazil,2017,Fund Holdings,EF+B,2,0,0,3719.245200000011,3888.6490085460246,2764.155858784914,1124.4931497611105,False,none,GCAP estimated restatement; Position_Residency may include GCAP interpolation/extrapolation per documentation,diagonal set to zero + within-sample row normalization,GCAP Restated Bilateral External Portfolios v1.8,IMF CPIS,https://globalcapitalallocation.s3.us-east-2.amazonaws.com/Restated_Bilateral_External_Portfolios_ReadMe.pdf,0.0058880639081212716,0.0058462476981976375,0.006474298483170584,0.004816100490949497
AU,AUS,Australia,CA,CAN,Canada,2017,Fund Holdings,EF+B,2,0,0,24052.080000000016,24419.37221890266,10502.111443867529,13917.26077503513,False,none,GCAP estimated restatement; Position_Residency may include GCAP interpolation/extrapolation per documentation,diagonal set to zero + within-sample row normalization,GCAP Restated Bilateral External Portfolios v1.8,IMF CPIS,https://globalcapitalallocation.s3.us-east-2.amazonaws.com/Restated_Bilateral_External_Portfolios_ReadMe.pdf,0.036975006976744544,0.037807245765045315,0.02459839736425324,0.059606344836834434
AU,AUS,Australia,CH,CHE,Switzerland,2017,Fund Holdings,EF+B,2,0,0,13454.22,14995.512088365853,11779.187389202416,3216.324699163437,False,none,GCAP estimated restatement; Position_Residency may include GCAP interpolation/extrapolation per documentation,diagonal set to zero + within-sample row normalization,GCAP Restated Bilateral External Portfolios v1.8,IMF CPIS,https://globalcapitalallocation.s3.us-east-2.amazonaws.com/Restated_Bilateral_External_Portfolios_ReadMe.pdf,0.022705709185184796,0.021148566033248998,0.02758960744001571,0.013775222166524336
AU,AUS,Australia,CN,CHN,China,2017,Fund Holdings,EF+B,2,0,0,11659.440000000019,36775.84693355765,29456.52944280114,7319.317490756512,False,none,GCAP estimated restatement; Position_Residency may include GCAP interpolation/extrapolation per documentation,diagonal set to zero + within-sample row normalization,GCAP Restated Bilateral External Portfolios v1.8,IMF CPIS,https://globalcapitalallocation.s3.us-east-2.amazonaws.com/Restated_Bilateral_External_Portfolios_ReadMe.pdf,0.05568477292349855,0.018327367677257032,0.06899407039038341,0.031347962029058485
AU,AUS,Australia,EA,EMU,European Monetary Union,2017,Fund Holdings,EF+B,38,0,0,112062.78960000009,109842.8829707824,50947.45705044776,58895.425920334645,False,none,GCAP estimated restatement; Position_Residency may include GCAP interpolation/extrapolation per documentation,EA issuer aggregation + diagonal set to zero + within-sample row normalization,GCAP Restated Bilateral External Portfolios v1.8,IMF CPIS,https://globalcapitalallocation.s3.us-east-2.amazonaws.com/Restated_Bilateral_External_Portfolios_ReadMe.pdf,0.16632046589004915,0.17615047960607833,0.11933084122402188,0.2522436795189564
AU,AUS,Australia,UK,GBR,United Kingdom,2017,Fund Holdings,EF+B,2,0,0,56387.74440000014,52222.68337930774,34239.898106500856,17982.785272806883,False,none,GCAP estimated restatement; Position_Residency may include GCAP interpolation/extrapolation per documentation,diagonal set to zero + within-sample row normalization,GCAP Restated Bilateral External Portfolios v1.8,IMF CPIS,https://globalcapitalallocation.s3.us-east-2.amazonaws.com/Restated_Bilateral_External_Portfolios_ReadMe.pdf,0.07907386254588145,0.08863538249778653,0.08019783677186754,0.07701861145121564
AU,AUS,Australia,JP,JPN,Japan,2017,Fund Holdings,EF+B,2,0,0,44362.5,46114.3267674027,27561.95361753553,18552.37314986717,False,none,GCAP estimated restatement; Position_Residency may include GCAP interpolation/extrapolation per documentation,diagonal set to zero + within-sample row normalization,GCAP Restated Bilateral External Portfolios v1.8,IMF CPIS,https://globalcapitalallocation.s3.us-east-2.amazonaws.com/Restated_Bilateral_External_Portfolios_ReadMe.pdf,0.0698247906894477,0.06973301021166659,0.06455653140256354,0.0794581038171155
AU,AUS,Australia,KR,KOR,"Korea, Republic of",2017,Fund Holdings,EF+B,2,0,0,11112.632400000026,11401.203547705314,7149.468798864982,4251.734748840332,False,none,GCAP estimated restatement; Position_Residency may include GCAP interpolation/extrapolation per documentation,diagonal set to zero + within-sample row normalization,GCAP Restated Bilateral External Portfolios v1.8,IMF CPIS,https://globalcapitalallocation.s3.us-east-2.amazonaws.com/Restated_Bilateral_External_Portfolios_ReadMe.pdf,0.017263325893094247,0.017467845784788927,0.01674572540938935,0.01820978795257853
AU,AUS,Australia,NO,NOR,Norway,2017,Fund Holdings,EF+B,2,0,0,5846.689200000014,5826.860219500959,681.4544577822089,5145.40576171875,False,none,GCAP estimated restatement; Position_Residency may include GCAP interpolation/extrapolation per documentation,diagonal set to zero + within-sample row normalization,GCAP Restated Bilateral External Portfolios v1.8,IMF CPIS,https://globalcapitalallocation.s3.us-east-2.amazonaws.com/Restated_Bilateral_External_Portfolios_ReadMe.pdf,0.00882283931532802,0.009190357569750165,0.0015961254675084125,0.022037298511255955
AU,AUS,Australia,SG,SGP,Singapore,2017,Fund Holdings,EF+B,2,0,0,9175.14000000001,8373.19942510128,2478.74385869503,5894.45556640625,False,none,GCAP estimated restatement; Position_Residency may include GCAP interpolation/extrapolation per documentation,diagonal set to zero + within-sample row normalization,GCAP Restated Bilateral External Portfolios v1.8,IMF CPIS,https://globalcapitalallocation.s3.us-east-2.amazonaws.com/Restated_Bilateral_External_Portfolios_ReadMe.pdf,0.01267842204891481,0.01442231910540369,0.005805796932005194,0.02524540976819645
AU,AUS,Australia,TR,TUR,Turkey,2017,Fund Holdings,EF+B,2,0,0,838.500000000001,834.7690811157227,752.8690795898438,81.9000015258789,False,none,GCAP estimated restatement; Position_Residency may include GCAP interpolation/extrapolation per documentation,diagonal set to zero + within-sample row normalization,GCAP Restated Bilateral External Portfolios v1.8,IMF CPIS,https://globalcapitalallocation.s3.us-east-2.amazonaws.com/Restated_Bilateral_External_Portfolios_ReadMe.pdf,0.0012639797748089485,0.0013180305226820513,0.0017633951879100032,0.0003507701559954769
AU,AUS,Australia,US,USA,United States,2017,Fund Holdings,EF+B,2,0,0,341097.1200000002,343238.76353229315,246503.58303782064,96735.1804944725,False,none,GCAP estimated restatement; Position_Residency may include GCAP interpolation/extrapolation per documentation,diagonal set to zero + within-sample row normalization,GCAP Restated Bilateral External Portfolios v1.8,IMF CPIS,https://globalcapitalallocation.s3.us-east-2.amazonaws.com/Restated_Bilateral_External_Portfolios_ReadMe.pdf,0.5197208004582363,0.5361674601776293,0.5773689528706349,0.4143078598304409
AU,AUS,Australia,ZA,ZAF,South Africa,2017,Fund Holdings,EF+B,2,0,0,2408.365200000006,2495.0751481009647,2125.501591558568,369.57355654239655,False,none,GCAP estimated restatement; Position_Residency may include GCAP interpolation/extrapolation per documentation,diagonal set to zero + within-sample row normalization,GCAP Restated Bilateral External Portfolios v1.8,IMF CPIS,https://globalcapitalallocation.s3.us-east-2.amazonaws.com/Restated_Bilateral_External_Portfolios_ReadMe.pdf,0.0037779603906902075,0.0037856873504654347,0.004978421056276295,0.0015828494708784251
BR,BRA,Brazil,AU,AUS,Australia,2017,Issuance,EF+B,2,0,0,12.91051413,24.97522241573938,16.212147434981716,8.763074980757665,False,none,GCAP estimated restatement; Position_Residency may include GCAP interpolation/extrapolation per documentation,diagonal set to zero + within-sample row normalization,GCAP Restated Bilateral External Portfolios v1.8,IMF CPIS,https://globalcapitalallocation.s3.us-east-2.amazonaws.com/Restated_Bilateral_External_Portfolios_ReadMe.pdf,0.0008365378437861405,0.0005074383052476192,0.0007384811935765939,0.0011089559132544293
BR,BRA,Brazil,BR,BRA,Brazil,2017,Issuance,EF+B,2,0,0,0.0,38.65043625421822,9.548212457448244,29.102223796769977,True,none,GCAP estimated restatement; Position_Residency may include GCAP interpolation/extrapolation per documentation,EA issuer aggregation + diagonal set to zero + within-sample row normalization,GCAP Restated Bilateral External Portfolios v1.8,IMF CPIS,https://globalcapitalallocation.s3.us-east-2.amazonaws.com/Restated_Bilateral_External_Portfolios_ReadMe.pdf,0.0,0.0,0.0,0.0
BR,BRA,Brazil,CA,CAN,Canada,2017,Issuance,EF+B,2,0,0,119.14098115,212.20715926177218,168.16009447348188,44.0470647882903,False,none,GCAP estimated restatement; Position_Residency may include GCAP interpolation/extrapolation per documentation,diagonal set to zero + within-sample row normalization,GCAP Restated Bilateral External Portfolios v1.8,IMF CPIS,https://globalcapitalallocation.s3.us-east-2.amazonaws.com/Restated_Bilateral_External_Portfolios_ReadMe.pdf,0.0071078173595343986,0.004682749033193967,0.007659877741475137,0.005574099624359506
BR,BRA,Brazil,CH,CHE,Switzerland,2017,Issuance,EF+B,2,0,0,2417.79597758,2367.1042260899007,1899.4960064354268,467.60821965447394,False,none,GCAP estimated restatement; Position_Residency may include GCAP interpolation/extrapolation per documentation,diagonal set to zero + within-sample row normalization,GCAP Restated Bilateral External Portfolios v1.8,IMF CPIS,https://globalcapitalallocation.s3.us-east-2.amazonaws.com/Restated_Bilateral_External_Portfolios_ReadMe.pdf,0.07928547070965832,0.0950297006721688,0.0865241377585578,0.05917522118786777
BR,BRA,Brazil,CN,CHN,China,2017,Issuance,EF+B,2,0,0,7.6857181699999995,3346.731102590671,3284.3129790691637,62.41812352150737,False,none,GCAP estimated restatement; Position_Residency may include GCAP interpolation/extrapolation per documentation,diagonal set to zero + within-sample row normalization,GCAP Restated Bilateral External Portfolios v1.8,IMF CPIS,https://globalcapitalallocation.s3.us-east-2.amazonaws.com/Restated_Bilateral_External_Portfolios_ReadMe.pdf,0.11209778930852936,0.00030208152545475994,0.14960407796617292,0.007898933573593163
BR,BRA,Brazil,EA,EMU,European Monetary Union,2017,Issuance,EF+B,38,0,0,7868.654243309825,7818.8504807010795,4797.510165205844,3021.340315495236,False,none,GCAP estimated restatement; Position_Residency may include GCAP interpolation/extrapolation per documentation,EA issuer aggregation + diagonal set to zero + within-sample row normalization,GCAP Restated Bilateral External Portfolios v1.8,IMF CPIS,https://globalcapitalallocation.s3.us-east-2.amazonaws.com/Restated_Bilateral_External_Portfolios_ReadMe.pdf,0.26189013307404707,0.30927169387673525,0.2185318784698709,0.3823467465678075
BR,BRA,Brazil,UK,GBR,United Kingdom,2017,Issuance,EF+B,2,0,0,592.1298548999999,765.5706985707549,533.0604321907302,232.51026638002463,False,none,GCAP estimated restatement; Position_Residency may include GCAP interpolation/extrapolation per documentation,diagonal set to zero + within-sample row normalization,GCAP Restated Bilateral External Portfolios v1.8,IMF CPIS,https://globalcapitalallocation.s3.us-east-2.amazonaws.com/Restated_Bilateral_External_Portfolios_ReadMe.pdf,0.025642568894386722,0.023273230409839196,0.024281490517613802,0.029423876363111688
BR,BRA,Brazil,JP,JPN,Japan,2017,Issuance,EF+B,2,0,0,26.503108640000004,83.41522386149904,43.76418939418386,39.651034467315185,False,none,GCAP estimated restatement; Position_Residency may include GCAP interpolation/extrapolation per documentation,diagonal set to zero + within-sample row normalization,GCAP Restated Bilateral External Portfolios v1.8,IMF CPIS,https://globalcapitalallocation.s3.us-east-2.amazonaws.com/Restated_Bilateral_External_Portfolios_ReadMe.pdf,0.0027939687721884425,0.001041685280435469,0.001993507087777447,0.00501778761858575
BR,BRA,Brazil,KR,KOR,"Korea, Republic of",2017,Issuance,EF+B,2,0,0,496.18908482999996,496.5740746366095,2.7062687286047122,493.8678059080048,False,none,GCAP estimated restatement; Position_Residency may include GCAP interpolation/extrapolation per documentation,diagonal set to zero + within-sample row normalization,GCAP Restated Bilateral External Portfolios v1.8,IMF CPIS,https://globalcapitalallocation.s3.us-east-2.amazonaws.com/Restated_Bilateral_External_Portfolios_ReadMe.pdf,0.0166326048577978,0.019502348686752286,0.00012327352492037542,0.062498338189538115
BR,BRA,Brazil,NO,NOR,Norway,2017,Issuance,EF+B,2,0,0,7.1308369,23.078454695696422,20.906791448339703,2.171663247356719,False,none,GCAP estimated restatement; Position_Residency may include GCAP interpolation/extrapolation per documentation,diagonal set to zero + within-sample row normalization,GCAP Restated Bilateral External Portfolios v1.8,IMF CPIS,https://globalcapitalallocation.s3.us-east-2.amazonaws.com/Restated_Bilateral_External_Portfolios_ReadMe.pdf,0.0007730061581708829,0.00028027232340228935,0.0009523274053943515,0.00027482120203715607
BR,BRA,Brazil,SG,SGP,Singapore,2017,Issuance,EF+B,2,0,0,35.484180439999996,156.36274755855504,149.0377795316,7.324968026955048,False,none,GCAP estimated restatement; Position_Residency may include GCAP interpolation/extrapolation per documentation,diagonal set to zero + within-sample row normalization,GCAP Restated Bilateral External Portfolios v1.8,IMF CPIS,https://globalcapitalallocation.s3.us-east-2.amazonaws.com/Restated_Bilateral_External_Portfolios_ReadMe.pdf,0.005237324958062355,0.001394679731904241,0.00678883520877784,0.0009269653204757928
BR,BRA,Brazil,TR,TUR,Turkey,2017,Issuance,EF+B,2,0,0,4.68622922,4.858711624809075,3.825299058109522,1.0334125666995533,False,none,GCAP estimated restatement; Position_Residency may include GCAP interpolation/extrapolation per documentation,diagonal set to zero + within-sample row normalization,GCAP Restated Bilateral External Portfolios v1.8,IMF CPIS,https://globalcapitalallocation.s3.us-east-2.amazonaws.com/Restated_Bilateral_External_Portfolios_ReadMe.pdf,0.00016274113913936536,0.0001841888083971039,0.00017424659043777847,0.00013077703650708942
BR,BRA,Brazil,US,USA,United States,2017,Issuance,EF+B,2,0,0,13851.852312190002,14544.280478735953,11027.485824946172,3516.7946537897806,False,none,GCAP estimated restatement; Position_Residency may include GCAP interpolation/extrapolation per documentation,diagonal set to zero + within-sample row normalization,GCAP Restated Bilateral External Portfolios v1.8,IMF CPIS,https://globalcapitalallocation.s3.us-east-2.amazonaws.com/Restated_Bilateral_External_Portfolios_ReadMe.pdf,0.48715646365716003,0.5444369132833294,0.5023141398642482,0.4450458583985031
BR,BRA,Brazil,ZA,ZAF,South Africa,2017,Issuance,EF+B,2,0,0,2.3666148299999996,11.451756475435104,6.887356227409327,4.564400248025777,False,none,GCAP estimated restatement; Position_Residency may include GCAP interpolation/extrapolation per documentation,diagonal set to zero + within-sample row normalization,GCAP Restated Bilateral External Portfolios v1.8,IMF CPIS,https://globalcapitalallocation.s3.us-east-2.amazonaws.com/Restated_Bilateral_External_Portfolios_ReadMe.pdf,0.00038357326753924115,9.301806313960342e-05,0.0003137266711768072,0.0005776190043589616
CA,CAN,Canada,AU,AUS,Australia,2017,Fund Holdings,EF+B,2,0,0,26434.43603029093,25650.4531012699,17421.01049195975,8229.44260931015,False,none,GCAP estimated restatement; Position_Residency may include GCAP interpolation/extrapolation per documentation,diagonal set to zero + within-sample row normalization,GCAP Restated Bilateral External Portfolios v1.8,IMF CPIS,https://globalcapitalallocation.s3.us-east-2.amazonaws.com/Restated_Bilateral_External_Portfolios_ReadMe.pdf,0.01647671224760414,0.017375603734376768,0.014204579706322638,0.024912495962449793
CA,CAN,Canada,BR,BRA,Brazil,2017,Fund Holdings,EF+B,2,0,0,14620.964527700278,15224.618080064654,10497.028864845634,4727.589215219021,False,none,GCAP estimated restatement; Position_Residency may include GCAP interpolation/extrapolation per documentation,diagonal set to zero + within-sample row normalization,GCAP Restated Bilateral External Portfolios v1.8,IMF CPIS,https://globalcapitalallocation.s3.us-east-2.amazonaws.com/Restated_Bilateral_External_Portfolios_ReadMe.pdf,0.009779618714512205,0.009610497668896295,0.008558968680897441,0.014311546094631294
CA,CAN,Canada,CA,CAN,Canada,2017,Fund Holdings,EF+B,2,0,0,2072280.25,2085058.0957628414,1019307.962309204,1065750.1334536374,True,none,GCAP estimated restatement; Position_Residency may include GCAP interpolation/extrapolation per documentation,EA issuer aggregation + diagonal set to zero + within-sample row normalization,GCAP Restated Bilateral External Portfolios v1.8,IMF CPIS,https://globalcapitalallocation.s3.us-east-2.amazonaws.com/Restated_Bilateral_External_Portfolios_ReadMe.pdf,0.0,0.0,0.0,0.0
CA,CAN,Canada,CH,CHE,Switzerland,2017,Fund Holdings,EF+B,2,0,0,31691.51056197693,31179.782980442047,26602.636260807514,4577.146719634533,False,none,GCAP estimated restatement; Position_Residency may include GCAP interpolation/extrapolation per documentation,diagonal set to zero + within-sample row normalization,GCAP Restated Bilateral External Portfolios v1.8,IMF CPIS,https://globalcapitalallocation.s3.us-east-2.amazonaws.com/Restated_Bilateral_External_Portfolios_ReadMe.pdf,0.02002850827169421,0.02083112832964293,0.02169100738096394,0.013856120588705856
CA,CAN,Canada,CN,CHN,China,2017,Fund Holdings,EF+B,2,0,0,35063.37186129937,62619.210266079055,59930.798148120986,2688.412117958069,False,none,GCAP estimated restatement; Position_Residency may include GCAP interpolation/extrapolation per documentation,diagonal set to zero + within-sample row normalization,GCAP Restated Bilateral External Portfolios v1.8,IMF CPIS,https://globalcapitalallocation.s3.us-east-2.amazonaws.com/Restated_Bilateral_External_Portfolios_ReadMe.pdf,0.04022380051739996,0.023047484514324604,0.048865810599873695,0.00813846808509985
CA,CAN,Canada,EA,EMU,European Monetary Union,2017,Fund Holdings,EF+B,38,0,0,174762.8537265844,182012.71676089626,144372.71262417745,37640.00413671881,False,none,GCAP estimated restatement; Position_Residency may include GCAP interpolation/extrapolation per documentation,EA issuer aggregation + diagonal set to zero + within-sample row normalization,GCAP Restated Bilateral External Portfolios v1.8,IMF CPIS,https://globalcapitalallocation.s3.us-east-2.amazonaws.com/Restated_Bilateral_External_Portfolios_ReadMe.pdf,0.11691688827615641,0.11487326948690574,0.11771726472667113,0.11394531751418412
CA,CAN,Canada,UK,GBR,United Kingdom,2017,Fund Holdings,EF+B,2,0,0,97473.09685133521,95950.3385394821,78061.88334423397,17888.455195248127,False,none,GCAP estimated restatement; Position_Residency may include GCAP interpolation/extrapolation per documentation,diagonal set to zero + within-sample row normalization,GCAP Restated Bilateral External Portfolios v1.8,IMF CPIS,https://globalcapitalallocation.s3.us-east-2.amazonaws.com/Restated_Bilateral_External_Portfolios_ReadMe.pdf,0.06163423749021334,0.06406998445930864,0.06364936434086804,0.05415264301398904
CA,CAN,Canada,JP,JPN,Japan,2017,Fund Holdings,EF+B,2,0,0,70888.0031885213,75019.97227746993,63426.8023077324,11593.16996973753,False,none,GCAP estimated restatement; Position_Residency may include GCAP interpolation/extrapolation per documentation,diagonal set to zero + within-sample row normalization,GCAP Restated Bilateral External Portfolios v1.8,IMF CPIS,https://globalcapitalallocation.s3.us-east-2.amazonaws.com/Restated_Bilateral_External_Portfolios_ReadMe.pdf,0.04818949946649933,0.04659535204433967,0.0517163495948278,0.03509530520771089
CA,CAN,Canada,KR,KOR,"Korea, Republic of",2017,Fund Holdings,EF+B,2,0,0,22352.331606217653,22258.653424590826,21392.448514312506,866.2049102783203,False,none,GCAP estimated restatement; Position_Residency may include GCAP interpolation/extrapolation per documentation,diagonal set to zero + within-sample row normalization,GCAP Restated Bilateral External Portfolios v1.8,IMF CPIS,https://globalcapitalallocation.s3.us-east-2.amazonaws.com/Restated_Bilateral_External_Portfolios_ReadMe.pdf,0.014297970723876785,0.014692398055474945,0.017442773493259737,0.00262220995448096
CA,CAN,Canada,NO,NOR,Norway,2017,Fund Holdings,EF+B,2,0,0,6296.532483060981,6248.547966279089,3929.285511292517,2319.2624549865723,False,none,GCAP estimated restatement; Position_Residency may include GCAP interpolation/extrapolation per documentation,diagonal set to zero + within-sample row normalization,GCAP Restated Bilateral External Portfolios v1.8,IMF CPIS,https://globalcapitalallocation.s3.us-east-2.amazonaws.com/Restated_Bilateral_External_Portfolios_ReadMe.pdf,0.004013789791519726,0.004138770095224721,0.003203823868874472,0.007020963543794345
CA,CAN,Canada,SG,SGP,Singapore,2017,Fund Holdings,EF+B,2,0,0,6051.813471502594,3859.604548931122,3292.538447856903,567.0661010742188,False,none,GCAP estimated restatement; Position_Residency may include GCAP interpolation/extrapolation per documentation,diagonal set to zero + within-sample row normalization,GCAP Restated Bilateral External Portfolios v1.8,IMF CPIS,https://globalcapitalallocation.s3.us-east-2.amazonaws.com/Restated_Bilateral_External_Portfolios_ReadMe.pdf,0.0024792386041373156,0.0039779139844215855,0.0026846390363119504,0.0017166450541220616
CA,CAN,Canada,TR,TUR,Turkey,2017,Fund Holdings,EF+B,2,0,0,3082.50298923874,3036.26708984375,1834.7847900390625,1201.4822998046875,False,none,GCAP estimated restatement; Position_Residency may include GCAP interpolation/extrapolation per documentation,diagonal set to zero + within-sample row normalization,GCAP Restated Bilateral External Portfolios v1.8,IMF CPIS,https://globalcapitalallocation.s3.us-east-2.amazonaws.com/Restated_Bilateral_External_Portfolios_ReadMe.pdf,0.0019503631748224023,0.002026158242591973,0.0014960295676353997,0.0036371750024693683
CA,CAN,Canada,US,USA,United States,2017,Fund Holdings,EF+B,2,0,0,1024952.5707453169,1026033.3208174384,789337.4042757726,236695.9165416658,False,none,GCAP estimated restatement; Position_Residency may include GCAP interpolation/extrapolation per documentation,diagonal set to zero + within-sample row normalization,GCAP Restated Bilateral External Portfolios v1.8,IMF CPIS,https://globalcapitalallocation.s3.us-east-2.amazonaws.com/Restated_Bilateral_External_Portfolios_ReadMe.pdf,0.6590782516323531,0.673710976674292,0.6436025097046898,0.7165352922567989
CA,CAN,Canada,ZA,ZAF,South Africa,2017,Fund Holdings,EF+B,2,0,0,7683.5392586688,7676.621909439564,6336.847716450691,1339.7741929888725,False,none,GCAP estimated restatement; Position_Residency may include GCAP interpolation/extrapolation per documentation,diagonal set to zero + within-sample row normalization,GCAP Restated Bilateral External Portfolios v1.8,IMF CPIS,https://globalcapitalallocation.s3.us-east-2.amazonaws.com/Restated_Bilateral_External_Portfolios_ReadMe.pdf,0.004931121089210978,0.005050462710200168,0.005166879298803904,0.004055817721563481
CH,CHE,Switzerland,AU,AUS,Australia,2017,Fund Holdings,EF+B,2,0,0,27201.552968994984,33753.59225027263,6525.6434320658445,27227.948818206787,False,none,GCAP estimated restatement; Position_Residency may include GCAP interpolation/extrapolation per documentation,diagonal set to zero + within-sample row normalization,GCAP Restated Bilateral External Portfolios v1.8,IMF CPIS,https://globalcapitalallocation.s3.us-east-2.amazonaws.com/Restated_Bilateral_External_Portfolios_ReadMe.pdf,0.027796069505888202,0.02333563299676447,0.00948860649193681,0.05170566939279105
CH,CHE,Switzerland,BR,BRA,Brazil,2017,Fund Holdings,EF+B,2,0,0,4179.549854159481,4789.206349566579,2245.2982478290796,2543.9081017374992,False,none,GCAP estimated restatement; Position_Residency may include GCAP interpolation/extrapolation per documentation,diagonal set to zero + within-sample row normalization,GCAP Restated Bilateral External Portfolios v1.8,IMF CPIS,https://globalcapitalallocation.s3.us-east-2.amazonaws.com/Restated_Bilateral_External_Portfolios_ReadMe.pdf,0.003943909483279324,0.0035855468104896825,0.0032647740797478474,0.004830862293458085
CH,CHE,Switzerland,CA,CAN,Canada,2017,Fund Holdings,EF+B,2,0,0,39657.18385260829,40747.580871504295,11133.114748936641,29614.466122567654,False,none,GCAP estimated restatement; Position_Residency may include GCAP interpolation/extrapolation per documentation,diagonal set to zero + within-sample row normalization,GCAP Restated Bilateral External Portfolios v1.8,IMF CPIS,https://globalcapitalallocation.s3.us-east-2.amazonaws.com/Restated_Bilateral_External_Portfolios_ReadMe.pdf,0.03355561629420305,0.03402105347163467,0.016188096389568682,0.056237647749417946
CH,CHE,Switzerland,CH,CHE,Switzerland,2017,Fund Holdings,EF+B,2,0,0,967529.21875,1003642.4334383756,565834.9499108791,437807.48352749646,True,none,GCAP estimated restatement; Position_Residency may include GCAP interpolation/extrapolation per documentation,EA issuer aggregation + diagonal set to zero + within-sample row normalization,GCAP Restated Bilateral External Portfolios v1.8,IMF CPIS,https://globalcapitalallocation.s3.us-east-2.amazonaws.com/Restated_Bilateral_External_Portfolios_ReadMe.pdf,0.0,0.0,0.0,0.0
CH,CHE,Switzerland,CN,CHN,China,2017,Fund Holdings,EF+B,2,0,0,6185.54499459237,62350.08546832623,54907.60273525538,7442.48273307085,False,none,GCAP estimated restatement; Position_Residency may include GCAP interpolation/extrapolation per documentation,diagonal set to zero + within-sample row normalization,GCAP Restated Bilateral External Portfolios v1.8,IMF CPIS,https://globalcapitalallocation.s3.us-east-2.amazonaws.com/Restated_Bilateral_External_Portfolios_ReadMe.pdf,0.05134527005378716,0.0053064473209786045,0.07983835482189347,0.014133218562552787
CH,CHE,Switzerland,EA,EMU,European Monetary Union,2017,Fund Holdings,EF+B,38,0,0,617524.9001290951,570370.0655530975,360134.48673790554,210235.57881519198,False,none,GCAP estimated restatement; Position_Residency may include GCAP interpolation/extrapolation per documentation,EA issuer aggregation + diagonal set to zero + within-sample row normalization,GCAP Restated Bilateral External Portfolios v1.8,IMF CPIS,https://globalcapitalallocation.s3.us-east-2.amazonaws.com/Restated_Bilateral_External_Portfolios_ReadMe.pdf,0.46969951727327197,0.5297614607592978,0.5236532557142546,0.3992357781116285
CH,CHE,Switzerland,UK,GBR,United Kingdom,2017,Fund Holdings,EF+B,2,0,0,84130.6285119046,80562.323464402,37829.692135700025,42732.63132870197,False,none,GCAP estimated restatement; Position_Residency may include GCAP interpolation/extrapolation per documentation,diagonal set to zero + within-sample row normalization,GCAP Restated Bilateral External Portfolios v1.8,IMF CPIS,https://globalcapitalallocation.s3.us-east-2.amazonaws.com/Restated_Bilateral_External_Portfolios_ReadMe.pdf,0.06634304064493399,0.07217387452027783,0.05500623289083692,0.08114894450985703
CH,CHE,Switzerland,JP,JPN,Japan,2017,Fund Holdings,EF+B,2,0,0,32710.034720214397,40233.167527355254,27339.922913054004,12893.24461430125,False,none,GCAP estimated restatement; Position_Residency may include GCAP interpolation/extrapolation per documentation,diagonal set to zero + within-sample row normalization,GCAP Restated Bilateral External Portfolios v1.8,IMF CPIS,https://globalcapitalallocation.s3.us-east-2.amazonaws.com/Restated_Bilateral_External_Portfolios_ReadMe.pdf,0.033131997114273906,0.028061242180267645,0.03975359253726976,0.02448417425339312
CH,CHE,Switzerland,KR,KOR,"Korea, Republic of",2017,Fund Holdings,EF+B,2,0,0,11376.22594280147,11513.928229615092,5769.280234619975,5744.647994995117,False,none,GCAP estimated restatement; Position_Residency may include GCAP interpolation/extrapolation per documentation,diagonal set to zero + within-sample row normalization,GCAP Restated Bilateral External Portfolios v1.8,IMF CPIS,https://globalcapitalallocation.s3.us-east-2.amazonaws.com/Restated_Bilateral_External_Portfolios_ReadMe.pdf,0.009481715219617977,0.009759421963594396,0.008388817203683443,0.010909043203745077
CH,CHE,Switzerland,NO,NOR,Norway,2017,Fund Holdings,EF+B,2,0,0,8690.76901779185,9004.854358434677,1591.9004275798798,7412.953930854797,False,none,GCAP estimated restatement; Position_Residency may include GCAP interpolation/extrapolation per documentation,diagonal set to zero + within-sample row normalization,GCAP Restated Bilateral External Portfolios v1.8,IMF CPIS,https://globalcapitalallocation.s3.us-east-2.amazonaws.com/Restated_Bilateral_External_Portfolios_ReadMe.pdf,0.007415493905998372,0.007455625658211635,0.0023147015139424526,0.014077143589915575
CH,CHE,Switzerland,SG,SGP,Singapore,2017,Fund Holdings,EF+B,2,0,0,4646.41594010218,3543.916711270809,1716.9316038489342,1826.985107421875,False,none,GCAP estimated restatement; Position_Residency may include GCAP interpolation/extrapolation per documentation,diagonal set to zero + within-sample row normalization,GCAP Restated Bilateral External Portfolios v1.8,IMF CPIS,https://globalcapitalallocation.s3.us-east-2.amazonaws.com/Restated_Bilateral_External_Portfolios_ReadMe.pdf,0.002918413972034828,0.003986061283049859,0.00249650299347341,0.0034694309358603292
CH,CHE,Switzerland,TR,TUR,Turkey,2017,Fund Holdings,EF+B,2,0,0,1861.6836324848912,1811.3260558843613,353.95618283748627,1457.369873046875,False,none,GCAP estimated restatement; Position_Residency may include GCAP interpolation/extrapolation per documentation,diagonal set to zero + within-sample row normalization,GCAP Restated Bilateral External Portfolios v1.8,IMF CPIS,https://globalcapitalallocation.s3.us-east-2.amazonaws.com/Restated_Bilateral_External_Portfolios_ReadMe.pdf,0.001491626271179518,0.0015970987411369065,0.0005146696979840527,0.0027675343942319915
CH,CHE,Switzerland,US,USA,United States,2017,Fund Holdings,EF+B,2,0,0,324378.04801667796,352066.1985799419,175960.8714086162,176105.32717132568,False,none,GCAP estimated restatement; Position_Residency may include GCAP interpolation/extrapolation per documentation,diagonal set to zero + within-sample row normalization,GCAP Restated Bilateral External Portfolios v1.8,IMF CPIS,https://globalcapitalallocation.s3.us-east-2.amazonaws.com/Restated_Bilateral_External_Portfolios_ReadMe.pdf,0.2899263715056242,0.27827701930665594,0.25585576106877417,0.3344226877252357
CH,CHE,Switzerland,ZA,ZAF,South Africa,2017,Fund Holdings,EF+B,2,0,0,3123.4194023204104,3583.4368083290756,2225.9457503557205,1357.491057973355,False,none,GCAP estimated restatement; Position_Residency may include GCAP interpolation/extrapolation per documentation,diagonal set to zero + within-sample row normalization,GCAP Restated Bilateral External Portfolios v1.8,IMF CPIS,https://globalcapitalallocation.s3.us-east-2.amazonaws.com/Restated_Bilateral_External_Portfolios_ReadMe.pdf,0.002950958755907488,0.00267951498764063,0.0032366345966344137,0.0025778652779127383
CN,CHN,China,AU,AUS,Australia,2017,Issuance,EF+B,2,0,0,9204.543893,10431.10170638204,5549.230597457069,4881.87110892497,False,none,GCAP estimated restatement; Position_Residency may include GCAP interpolation/extrapolation per documentation,diagonal set to zero + within-sample row normalization,GCAP Restated Bilateral External Portfolios v1.8,IMF CPIS,https://globalcapitalallocation.s3.us-east-2.amazonaws.com/Restated_Bilateral_External_Portfolios_ReadMe.pdf,0.037800280953038744,0.037056028933525845,0.034483948099882054,0.042439655597428516
CN,CHN,China,BR,BRA,Brazil,2017,Issuance,EF+B,2,0,0,1889.348218,3015.0346838921982,1160.7886773735959,1854.2460065186024,False,none,GCAP estimated restatement; Position_Residency may include GCAP interpolation/extrapolation per documentation,diagonal set to zero + within-sample row normalization,GCAP Restated Bilateral External Portfolios v1.8,IMF CPIS,https://globalcapitalallocation.s3.us-east-2.amazonaws.com/Restated_Bilateral_External_Portfolios_ReadMe.pdf,0.010925898466175624,0.007606215261242549,0.007213356122527126,0.01611954927808114
CN,CHN,China,CA,CAN,Canada,2017,Issuance,EF+B,2,0,0,5850.112963,6608.575890369237,3434.166793059081,3174.4090973101556,False,none,GCAP estimated restatement; Position_Residency may include GCAP interpolation/extrapolation per documentation,diagonal set to zero + within-sample row normalization,GCAP Restated Bilateral External Portfolios v1.8,IMF CPIS,https://globalcapitalallocation.s3.us-east-2.amazonaws.com/Restated_Bilateral_External_Portfolios_ReadMe.pdf,0.023948191896412726,0.023551623822032505,0.021340549356960455,0.027596146192571974
CN,CHN,China,CH,CHE,Switzerland,2017,Issuance,EF+B,2,0,0,5171.5178750000005,6604.910682836157,4145.605861762148,2459.304821074009,False,none,GCAP estimated restatement; Position_Residency may include GCAP interpolation/extrapolation per documentation,diagonal set to zero + within-sample row normalization,GCAP Restated Bilateral External Portfolios v1.8,IMF CPIS,https://globalcapitalallocation.s3.us-east-2.amazonaws.com/Restated_Bilateral_External_Portfolios_ReadMe.pdf,0.023934909898173096,0.020819707987050188,0.025761563674265513,0.021379517665811566
CN,CHN,China,CN,CHN,China,2017,Issuance,EF+B,2,0,0,0.0,127513.0081530421,79185.51235860206,48327.49579444004,True,none,GCAP estimated restatement; Position_Residency may include GCAP interpolation/extrapolation per documentation,EA issuer aggregation + diagonal set to zero + within-sample row normalization,GCAP Restated Bilateral External Portfolios v1.8,IMF CPIS,https://globalcapitalallocation.s3.us-east-2.amazonaws.com/Restated_Bilateral_External_Portfolios_ReadMe.pdf,0.0,0.0,0.0,0.0
CN,CHN,China,EA,EMU,European Monetary Union,2017,Issuance,EF+B,38,0,0,38024.88381720705,40539.133808360486,28654.09688794385,11885.036920416635,False,none,GCAP estimated restatement; Position_Residency may include GCAP interpolation/extrapolation per documentation,EA issuer aggregation + diagonal set to zero + within-sample row normalization,GCAP Restated Bilateral External Portfolios v1.8,IMF CPIS,https://globalcapitalallocation.s3.us-east-2.amazonaws.com/Restated_Bilateral_External_Portfolios_ReadMe.pdf,0.1469059252496118,0.15308213109787633,0.17806187228651962,0.10332039957856996
CN,CHN,China,UK,GBR,United Kingdom,2017,Issuance,EF+B,2,0,0,17608.86781,28320.761186925025,18918.20213188357,9402.559055041456,False,none,GCAP estimated restatement; Position_Residency may include GCAP interpolation/extrapolation per documentation,diagonal set to zero + within-sample row normalization,GCAP Restated Bilateral External Portfolios v1.8,IMF CPIS,https://globalcapitalallocation.s3.us-east-2.amazonaws.com/Restated_Bilateral_External_Portfolios_ReadMe.pdf,0.1026289226012147,0.07089049958795084,0.11756121664107833,0.08173943128095297
CN,CHN,China,JP,JPN,Japan,2017,Issuance,EF+B,2,0,0,12972.4058,14007.175609896622,9451.163168279185,4556.012441617437,False,none,GCAP estimated restatement; Position_Residency may include GCAP interpolation/extrapolation per documentation,diagonal set to zero + within-sample row normalization,GCAP Restated Bilateral External Portfolios v1.8,IMF CPIS,https://globalcapitalallocation.s3.us-east-2.amazonaws.com/Restated_Bilateral_External_Portfolios_ReadMe.pdf,0.05075927627938825,0.052224841366426904,0.05873128075229129,0.03960686273882842
CN,CHN,China,KR,KOR,"Korea, Republic of",2017,Issuance,EF+B,2,0,0,4865.732017,5071.329186136553,2122.7912412981486,2948.5379448384047,False,none,GCAP estimated restatement; Position_Residency may include GCAP interpolation/extrapolation per documentation,diagonal set to zero + within-sample row normalization,GCAP Restated Bilateral External Portfolios v1.8,IMF CPIS,https://globalcapitalallocation.s3.us-east-2.amazonaws.com/Restated_Bilateral_External_Portfolios_ReadMe.pdf,0.018377509244687073,0.01958866278445972,0.013191418468959359,0.025632576547570375
CN,CHN,China,NO,NOR,Norway,2017,Issuance,EF+B,2,0,0,396.479255,439.1734619382059,346.1882451756846,92.9852167625213,False,none,GCAP estimated restatement; Position_Residency may include GCAP interpolation/extrapolation per documentation,diagonal set to zero + within-sample row normalization,GCAP Restated Bilateral External Portfolios v1.8,IMF CPIS,https://globalcapitalallocation.s3.us-east-2.amazonaws.com/Restated_Bilateral_External_Portfolios_ReadMe.pdf,0.0015914790897135983,0.001596162386274882,0.0021512779600289275,0.0008083500131413017
CN,CHN,China,SG,SGP,Singapore,2017,Issuance,EF+B,2,0,0,6159.261233,7704.91784164307,2302.3037919738017,5402.614049669268,False,none,GCAP estimated restatement; Position_Residency may include GCAP interpolation/extrapolation per documentation,diagonal set to zero + within-sample row normalization,GCAP Restated Bilateral External Portfolios v1.8,IMF CPIS,https://globalcapitalallocation.s3.us-east-2.amazonaws.com/Restated_Bilateral_External_Portfolios_ReadMe.pdf,0.027921121596963742,0.024796205560252207,0.014306942751481222,0.0469666393229056
CN,CHN,China,TR,TUR,Turkey,2017,Issuance,EF+B,2,0,0,408.129284,383.7151084174458,137.57485192316213,246.14025649428368,False,none,GCAP estimated restatement; Position_Residency may include GCAP interpolation/extrapolation per documentation,diagonal set to zero + within-sample row normalization,GCAP Restated Bilateral External Portfolios v1.8,IMF CPIS,https://globalcapitalallocation.s3.us-east-2.amazonaws.com/Restated_Bilateral_External_Portfolios_ReadMe.pdf,0.0013905088179929153,0.0016430635490830383,0.0008549156446555443,0.0021397754019319938
CN,CHN,China,US,USA,United States,2017,Issuance,EF+B,2,0,0,145249.14319,152099.05773957202,84302.80724039242,67796.25049917959,False,none,GCAP estimated restatement; Position_Residency may include GCAP interpolation/extrapolation per documentation,diagonal set to zero + within-sample row normalization,GCAP Restated Bilateral External Portfolios v1.8,IMF CPIS,https://globalcapitalallocation.s3.us-east-2.amazonaws.com/Restated_Bilateral_External_Portfolios_ReadMe.pdf,0.5511773614220106,0.5847499360301522,0.5238732790964258,0.589374331641412
CN,CHN,China,ZA,ZAF,South Africa,2017,Issuance,EF+B,2,0,0,594.887308,728.1336370797819,397.2168452830977,330.91679179668427,False,none,GCAP estimated restatement; Position_Residency may include GCAP interpolation/extrapolation per documentation,diagonal set to zero + within-sample row normalization,GCAP Restated Bilateral External Portfolios v1.8,IMF CPIS,https://globalcapitalallocation.s3.us-east-2.amazonaws.com/Restated_Bilateral_External_Portfolios_ReadMe.pdf,0.0026386144846170913,0.0023949216336726638,0.0024683791449247286,0.0028767647407942003
EA,EMU,European Monetary Union,AU,AUS,Australia,2017,Fund Holdings,EF+B,2,0,0,234084.77507423356,253167.50632809917,68021.93225647509,185145.57407162408,False,none,GCAP estimated restatement; Position_Residency may include GCAP interpolation/extrapolation per documentation,diagonal set to zero + within-sample row normalization,GCAP Restated Bilateral External Portfolios v1.8,IMF CPIS,https://globalcapitalallocation.s3.us-east-2.amazonaws.com/Restated_Bilateral_External_Portfolios_ReadMe.pdf,0.03276863768472311,0.03141580829608948,0.019031107737513625,0.04459556340458308
EA,EMU,European Monetary Union,BR,BRA,Brazil,2017,Fund Holdings,EF+B,2,0,0,101240.52047177871,108501.60095156005,45891.88552151772,62609.715430042335,False,none,GCAP estimated restatement; Position_Residency may include GCAP interpolation/extrapolation per documentation,diagonal set to zero + within-sample row normalization,GCAP Restated Bilateral External Portfolios v1.8,IMF CPIS,https://globalcapitalallocation.s3.us-east-2.amazonaws.com/Restated_Bilateral_External_Portfolios_ReadMe.pdf,0.014043862505744712,0.013587183454921825,0.01283958553756767,0.015080649635854752
EA,EMU,European Monetary Union,CA,CAN,Canada,2017,Fund Holdings,EF+B,2,0,0,282770.99538824416,294049.09368911374,96830.64172098298,197218.45196813077,False,none,GCAP estimated restatement; Position_Residency may include GCAP interpolation/extrapolation per documentation,diagonal set to zero + within-sample row normalization,GCAP Restated Bilateral External Portfolios v1.8,IMF CPIS,https://globalcapitalallocation.s3.us-east-2.amazonaws.com/Restated_Bilateral_External_Portfolios_ReadMe.pdf,0.03806013003948568,0.03794983838651758,0.027091179473355684,0.047503528093499565
EA,EMU,European Monetary Union,CH,CHE,Switzerland,2017,Fund Holdings,EF+B,2,0,0,304705.2329670917,387865.87266661786,256347.86061525348,131518.01205136435,False,none,GCAP estimated restatement; Position_Residency may include GCAP interpolation/extrapolation per documentation,diagonal set to zero + within-sample row normalization,GCAP Restated Bilateral External Portfolios v1.8,IMF CPIS,https://globalcapitalallocation.s3.us-east-2.amazonaws.com/Restated_Bilateral_External_Portfolios_ReadMe.pdf,0.05020326832626656,0.040893565942824624,0.07172074640948789,0.031678423179656474
EA,EMU,European Monetary Union,CN,CHN,China,2017,Fund Holdings,EF+B,2,0,0,114974.23676461169,415709.625955934,315602.3238206841,100107.3021352499,False,none,GCAP estimated restatement; Position_Residency may include GCAP interpolation/extrapolation per documentation,diagonal set to zero + within-sample row normalization,GCAP Restated Bilateral External Portfolios v1.8,IMF CPIS,https://globalcapitalallocation.s3.us-east-2.amazonaws.com/Restated_Bilateral_External_Portfolios_ReadMe.pdf,0.053807213700433044,0.015430343900156665,0.08829890048101888,0.02411260199991197
EA,EMU,European Monetary Union,EA,EMU,European Monetary Union,2017,Fund Holdings,EF+B,38,1,1,13581650.421691578,13851370.18096676,4869715.331175478,8981654.84979128,True,none,GCAP estimated restatement; Position_Residency may include GCAP interpolation/extrapolation per documentation,EA issuer aggregation + diagonal set to zero + within-sample row normalization,GCAP Restated Bilateral External Portfolios v1.8,IMF CPIS,https://globalcapitalallocation.s3.us-east-2.amazonaws.com/Restated_Bilateral_External_Portfolios_ReadMe.pdf,0.0,0.0,0.0,0.0
EA,EMU,European Monetary Union,UK,GBR,United Kingdom,2017,Fund Holdings,EF+B,2,0,0,1866413.3186162026,1640613.8336666944,545013.3988751099,1095600.4347915845,False,none,GCAP estimated restatement; Position_Residency may include GCAP interpolation/extrapolation per documentation,diagonal set to zero + within-sample row normalization,GCAP Restated Bilateral External Portfolios v1.8,IMF CPIS,https://globalcapitalallocation.s3.us-east-2.amazonaws.com/Restated_Bilateral_External_Portfolios_ReadMe.pdf,0.21235221326664216,0.2504856755434879,0.1524833001402038,0.26389460780161933
EA,EMU,European Monetary Union,JP,JPN,Japan,2017,Fund Holdings,EF+B,2,0,0,523934.51949287904,569599.3715335152,329300.5868318975,240298.78470161764,False,none,GCAP estimated restatement; Position_Residency may include GCAP interpolation/extrapolation per documentation,diagonal set to zero + within-sample row normalization,GCAP Restated Bilateral External Portfolios v1.8,IMF CPIS,https://globalcapitalallocation.s3.us-east-2.amazonaws.com/Restated_Bilateral_External_Portfolios_ReadMe.pdf,0.07372587304722411,0.07031566413865346,0.09213138671796173,0.057880182893595034
EA,EMU,European Monetary Union,KR,KOR,"Korea, Republic of",2017,Fund Holdings,EF+B,2,0,0,120815.16479643104,121461.15409813088,94711.5287133269,26749.625384803974,False,none,GCAP estimated restatement; Position_Residency may include GCAP interpolation/extrapolation per documentation,diagonal set to zero + within-sample row normalization,GCAP Restated Bilateral External Portfolios v1.8,IMF CPIS,https://globalcapitalallocation.s3.us-east-2.amazonaws.com/Restated_Bilateral_External_Portfolios_ReadMe.pdf,0.015721277225252732,0.016214237151055622,0.026498296169120666,0.006443117103276735
EA,EMU,European Monetary Union,NO,NOR,Norway,2017,Fund Holdings,EF+B,2,0,0,143617.6677784603,133642.79394010993,30309.23647594452,103333.55746416541,False,none,GCAP estimated restatement; Position_Residency may include GCAP interpolation/extrapolation per documentation,diagonal set to zero + within-sample row normalization,GCAP Restated Bilateral External Portfolios v1.8,IMF CPIS,https://globalcapitalallocation.s3.us-east-2.amazonaws.com/Restated_Bilateral_External_Portfolios_ReadMe.pdf,0.01729800303883434,0.01927449197594659,0.008479887672708237,0.024889702261700383
EA,EMU,European Monetary Union,SG,SGP,Singapore,2017,Fund Holdings,EF+B,2,0,0,66035.79348026533,44828.154664162226,23710.038913726807,21118.115750435423,False,none,GCAP estimated restatement; Position_Residency may include GCAP interpolation/extrapolation per documentation,diagonal set to zero + within-sample row normalization,GCAP Restated Bilateral External Portfolios v1.8,IMF CPIS,https://globalcapitalallocation.s3.us-east-2.amazonaws.com/Restated_Bilateral_External_Portfolios_ReadMe.pdf,0.00580231475820174,0.008862463729212117,0.0066335708213408244,0.005086669096229865
EA,EMU,European Monetary Union,TR,TUR,Turkey,2017,Fund Holdings,EF+B,2,0,0,50252.948552528556,48788.868040894224,10705.76144361496,38083.106597279264,False,none,GCAP estimated restatement; Position_Residency may include GCAP interpolation/extrapolation per documentation,diagonal set to zero + within-sample row normalization,GCAP Restated Bilateral External Portfolios v1.8,IMF CPIS,https://globalcapitalallocation.s3.us-east-2.amazonaws.com/Restated_Bilateral_External_Portfolios_ReadMe.pdf,0.006314968153171654,0.006744295939532298,0.0029952471605385954,0.00917298511411057
EA,EMU,European Monetary Union,US,USA,United States,2017,Fund Holdings,EF+B,2,0,0,3581157.3822519765,3640465.8163215853,1723745.515970122,1916720.3003514633,False,none,GCAP estimated restatement; Position_Residency may include GCAP interpolation/extrapolation per documentation,diagonal set to zero + within-sample row normalization,GCAP Restated Bilateral External Portfolios v1.8,IMF CPIS,https://globalcapitalallocation.s3.us-east-2.amazonaws.com/Restated_Bilateral_External_Portfolios_ReadMe.pdf,0.47120227658308056,0.4806162799920494,0.4822677853783061,0.46167574953808027
EA,EMU,European Monetary Union,ZA,ZAF,South Africa,2017,Fund Holdings,EF+B,2,0,0,61175.29941260694,67215.11045327078,34059.04848050687,33156.06197276391,False,none,GCAP estimated restatement; Position_Residency may include GCAP interpolation/extrapolation per documentation,diagonal set to zero + within-sample row normalization,GCAP Restated Bilateral External Portfolios v1.8,IMF CPIS,https://globalcapitalallocation.s3.us-east-2.amazonaws.com/Restated_Bilateral_External_Portfolios_ReadMe.pdf,0.008699961670939813,0.008210151549552364,0.009529006300876212,0.007986219877882004
UK,GBR,United Kingdom,AU,AUS,Australia,2017,Fund Holdings,EF+B,2,0,0,77508.04417499999,76608.72086971987,42722.9581271711,33885.762742548766,False,none,GCAP estimated restatement; Position_Residency may include GCAP interpolation/extrapolation per documentation,diagonal set to zero + within-sample row normalization,GCAP Restated Bilateral External Portfolios v1.8,IMF CPIS,https://globalcapitalallocation.s3.us-east-2.amazonaws.com/Restated_Bilateral_External_Portfolios_ReadMe.pdf,0.02608695778017579,0.02665211694176453,0.022112361024344954,0.03373118540806582
UK,GBR,United Kingdom,BR,BRA,Brazil,2017,Fund Holdings,EF+B,2,0,0,25305.688349999997,30381.234391771843,13451.915364608169,16929.319027163674,False,none,GCAP estimated restatement; Position_Residency may include GCAP interpolation/extrapolation per documentation,diagonal set to zero + within-sample row normalization,GCAP Restated Bilateral External Portfolios v1.8,IMF CPIS,https://globalcapitalallocation.s3.us-east-2.amazonaws.com/Restated_Bilateral_External_Portfolios_ReadMe.pdf,0.010345479860388052,0.008701679578873831,0.00696238327237863,0.016852092227527718
UK,GBR,United Kingdom,CA,CAN,Canada,2017,Fund Holdings,EF+B,2,0,0,61686.753249999994,64365.5843688499,35272.83904418349,29092.745324666408,False,none,GCAP estimated restatement; Position_Residency may include GCAP interpolation/extrapolation per documentation,diagonal set to zero + within-sample row normalization,GCAP Restated Bilateral External Portfolios v1.8,IMF CPIS,https://globalcapitalallocation.s3.us-east-2.amazonaws.com/Restated_Bilateral_External_Portfolios_ReadMe.pdf,0.021917899984023975,0.02121176684144828,0.01825636111097257,0.028960032389760818
UK,GBR,United Kingdom,CH,CHE,Switzerland,2017,Fund Holdings,EF+B,2,0,0,88258.063805,104131.93751375625,77791.00621844828,26340.93129530797,False,none,GCAP estimated restatement; Position_Residency may include GCAP interpolation/extrapolation per documentation,diagonal set to zero + within-sample row normalization,GCAP Restated Bilateral External Portfolios v1.8,IMF CPIS,https://globalcapitalallocation.s3.us-east-2.amazonaws.com/Restated_Bilateral_External_Portfolios_ReadMe.pdf,0.03545921961167965,0.03034864655175097,0.04026272733337276,0.026220771363292792
UK,GBR,United Kingdom,CN,CHN,China,2017,Fund Holdings,EF+B,2,0,0,56113.664845,111390.43415580613,95804.60199455917,15585.832161246954,False,none,GCAP estimated restatement; Position_Residency may include GCAP interpolation/extrapolation per documentation,diagonal set to zero + within-sample row normalization,GCAP Restated Bilateral External Portfolios v1.8,IMF CPIS,https://globalcapitalallocation.s3.us-east-2.amazonaws.com/Restated_Bilateral_External_Portfolios_ReadMe.pdf,0.03793089768304066,0.019295390219152327,0.04958612511782187,0.01551473397144115
UK,GBR,United Kingdom,EA,EMU,European Monetary Union,2017,Fund Holdings,EF+B,38,0,0,1056591.73356,959242.4535313029,598803.6391580801,360438.8143732227,False,none,GCAP estimated restatement; Position_Residency may include GCAP interpolation/extrapolation per documentation,EA issuer aggregation + diagonal set to zero + within-sample row normalization,GCAP Restated Bilateral External Portfolios v1.8,IMF CPIS,https://globalcapitalallocation.s3.us-east-2.amazonaws.com/Restated_Bilateral_External_Portfolios_ReadMe.pdf,0.3266431954761189,0.363322371791003,0.3099261575554155,0.35879459371355177
UK,GBR,United Kingdom,UK,GBR,United Kingdom,2017,Fund Holdings,EF+B,2,0,0,2387451.0,2503285.012262982,1564963.6548541784,938321.3574088034,True,none,GCAP estimated restatement; Position_Residency may include GCAP interpolation/extrapolation per documentation,EA issuer aggregation + diagonal set to zero + within-sample row normalization,GCAP Restated Bilateral External Portfolios v1.8,IMF CPIS,https://globalcapitalallocation.s3.us-east-2.amazonaws.com/Restated_Bilateral_External_Portfolios_ReadMe.pdf,0.0,0.0,0.0,0.0
UK,GBR,United Kingdom,JP,JPN,Japan,2017,Fund Holdings,EF+B,2,0,0,188421.65072,200296.2880859617,147651.61082611978,52644.67725984193,False,none,GCAP estimated restatement; Position_Residency may include GCAP interpolation/extrapolation per documentation,diagonal set to zero + within-sample row normalization,GCAP Restated Bilateral External Portfolios v1.8,IMF CPIS,https://globalcapitalallocation.s3.us-east-2.amazonaws.com/Restated_Bilateral_External_Portfolios_ReadMe.pdf,0.06820530027789141,0.06479115713475235,0.07642087223208455,0.052404527024848886
UK,GBR,United Kingdom,KR,KOR,"Korea, Republic of",2017,Fund Holdings,EF+B,2,0,0,46284.859285,45869.86265901771,39661.33689407259,6208.525764945117,False,none,GCAP estimated restatement; Position_Residency may include GCAP interpolation/extrapolation per documentation,diagonal set to zero + within-sample row normalization,GCAP Restated Bilateral External Portfolios v1.8,IMF CPIS,https://globalcapitalallocation.s3.us-east-2.amazonaws.com/Restated_Bilateral_External_Portfolios_ReadMe.pdf,0.015619699128029999,0.015915631666717077,0.020527740553436633,0.006180204213764306
UK,GBR,United Kingdom,NO,NOR,Norway,2017,Fund Holdings,EF+B,2,0,0,21137.120369999997,20338.57376897429,9792.52277245,10546.050996524287,False,none,GCAP estimated restatement; Position_Residency may include GCAP interpolation/extrapolation per documentation,diagonal set to zero + within-sample row normalization,GCAP Restated Bilateral External Portfolios v1.8,IMF CPIS,https://globalcapitalallocation.s3.us-east-2.amazonaws.com/Restated_Bilateral_External_Portfolios_ReadMe.pdf,0.0069257325954118,0.007268264989907974,0.005068370926914365,0.010497942873217474
UK,GBR,United Kingdom,SG,SGP,Singapore,2017,Fund Holdings,EF+B,2,0,0,27704.52006,21336.75802334062,14694.118285179138,6642.639738161482,False,none,GCAP estimated restatement; Position_Residency may include GCAP interpolation/extrapolation per documentation,diagonal set to zero + within-sample row normalization,GCAP Restated Bilateral External Portfolios v1.8,IMF CPIS,https://globalcapitalallocation.s3.us-east-2.amazonaws.com/Restated_Bilateral_External_Portfolios_ReadMe.pdf,0.00726563633228235,0.00952654806754555,0.00760531720413959,0.0066123378809343995
UK,GBR,United Kingdom,TR,TUR,Turkey,2017,Fund Holdings,EF+B,2,0,0,8713.971695,8609.02940663863,3905.7238159179688,4703.305590720662,False,none,GCAP estimated restatement; Position_Residency may include GCAP interpolation/extrapolation per documentation,diagonal set to zero + within-sample row normalization,GCAP Restated Bilateral External Portfolios v1.8,IMF CPIS,https://globalcapitalallocation.s3.us-east-2.amazonaws.com/Restated_Bilateral_External_Portfolios_ReadMe.pdf,0.002931564241115556,0.0029964088903855525,0.0020215073783487326,0.004681850431307665
UK,GBR,United Kingdom,US,USA,United States,2017,Fund Holdings,EF+B,2,0,0,1232608.4761299998,1275496.8198337883,840702.6680005044,434794.15183328395,False,none,GCAP estimated restatement; Position_Residency may include GCAP interpolation/extrapolation per documentation,diagonal set to zero + within-sample row normalization,GCAP Restated Bilateral External Portfolios v1.8,IMF CPIS,https://globalcapitalallocation.s3.us-east-2.amazonaws.com/Restated_Bilateral_External_Portfolios_ReadMe.pdf,0.43433477690271993,0.423847945060432,0.4351271944611505,0.43281074300315686
UK,GBR,United Kingdom,ZA,ZAF,South Africa,2017,Fund Holdings,EF+B,2,0,0,17803.833319999998,18599.795065282215,11829.927330529914,6769.8677347523,False,none,GCAP estimated restatement; Position_Residency may include GCAP interpolation/extrapolation per documentation,diagonal set to zero + within-sample row normalization,GCAP Restated Bilateral External Portfolios v1.8,IMF CPIS,https://globalcapitalallocation.s3.us-east-2.amazonaws.com/Restated_Bilateral_External_Portfolios_ReadMe.pdf,0.006333640127121906,0.006122072266266469,0.006122881829619316,0.006738985499130491
JP,JPN,Japan,AU,AUS,Australia,2017,Issuance,EF+B,2,0,0,146536.3703489595,141093.20138492694,28201.908532107973,112891.29285281897,False,none,GCAP estimated restatement; Position_Residency may include GCAP interpolation/extrapolation per documentation,diagonal set to zero + within-sample row normalization,GCAP Restated Bilateral External Portfolios v1.8,IMF CPIS,https://globalcapitalallocation.s3.us-east-2.amazonaws.com/Restated_Bilateral_External_Portfolios_ReadMe.pdf,0.038758097594963466,0.04964044664828237,0.019130463081262695,0.05211572463131405
JP,JPN,Japan,BR,BRA,Brazil,2017,Issuance,EF+B,2,0,0,14474.543977147921,24877.800117241197,5527.156360911183,19350.643756330013,False,none,GCAP estimated restatement; Position_Residency may include GCAP interpolation/extrapolation per documentation,diagonal set to zero + within-sample row normalization,GCAP Restated Bilateral External Portfolios v1.8,IMF CPIS,https://globalcapitalallocation.s3.us-east-2.amazonaws.com/Restated_Bilateral_External_Portfolios_ReadMe.pdf,0.006833895577019883,0.004903375362340073,0.0037492874138782355,0.008933132006543136
JP,JPN,Japan,CA,CAN,Canada,2017,Issuance,EF+B,2,0,0,71700.98650012401,80116.60430766492,25515.46238912492,54601.14191854,False,none,GCAP estimated restatement; Position_Residency may include GCAP interpolation/extrapolation per documentation,diagonal set to zero + within-sample row normalization,GCAP Restated Bilateral External Portfolios v1.8,IMF CPIS,https://globalcapitalallocation.s3.us-east-2.amazonaws.com/Restated_Bilateral_External_Portfolios_ReadMe.pdf,0.02200791489777107,0.024289321391765276,0.017308141067146992,0.025206355644202132
JP,JPN,Japan,CH,CHE,Switzerland,2017,Issuance,EF+B,2,0,0,32739.770445243572,58005.347418395264,28421.863307533244,29583.484110862017,False,none,GCAP estimated restatement; Position_Residency may include GCAP interpolation/extrapolation per documentation,diagonal set to zero + within-sample row normalization,GCAP Restated Bilateral External Portfolios v1.8,IMF CPIS,https://globalcapitalallocation.s3.us-east-2.amazonaws.com/Restated_Bilateral_External_Portfolios_ReadMe.pdf,0.01593398472927484,0.011090876785018345,0.019279667051129837,0.013657073744089384
JP,JPN,Japan,CN,CHN,China,2017,Issuance,EF+B,2,0,0,22850.82185181574,558046.4879736078,520696.2891328035,37350.1988408044,False,none,GCAP estimated restatement; Position_Residency may include GCAP interpolation/extrapolation per documentation,diagonal set to zero + within-sample row normalization,GCAP Restated Bilateral External Portfolios v1.8,IMF CPIS,https://globalcapitalallocation.s3.us-east-2.amazonaws.com/Restated_Bilateral_External_Portfolios_ReadMe.pdf,0.15329456012838275,0.007740911012762223,0.35320875977116106,0.017242540399018746
JP,JPN,Japan,EA,EMU,European Monetary Union,2017,Issuance,EF+B,38,0,0,820345.1996269599,828610.2403088185,223813.5841390036,604796.656169815,False,none,GCAP estimated restatement; Position_Residency may include GCAP interpolation/extrapolation per documentation,EA issuer aggregation + diagonal set to zero + within-sample row normalization,GCAP Restated Bilateral External Portfolios v1.8,IMF CPIS,https://globalcapitalallocation.s3.us-east-2.amazonaws.com/Restated_Bilateral_External_Portfolios_ReadMe.pdf,0.227618030116554,0.2778989408450692,0.15182155149470142,0.2792014795328703
JP,JPN,Japan,UK,GBR,United Kingdom,2017,Issuance,EF+B,2,0,0,168228.4515151871,187649.2303282847,52981.02018000971,134668.210148275,False,none,GCAP estimated restatement; Position_Residency may include GCAP interpolation/extrapolation per documentation,diagonal set to zero + within-sample row normalization,GCAP Restated Bilateral External Portfolios v1.8,IMF CPIS,https://globalcapitalallocation.s3.us-east-2.amazonaws.com/Restated_Bilateral_External_Portfolios_ReadMe.pdf,0.05154697116015972,0.05698882435995932,0.03593910849712095,0.06216893419609889
JP,JPN,Japan,JP,JPN,Japan,2017,Issuance,EF+B,2,0,0,0.0,18145.61290939647,3854.578177635848,14291.034731760621,True,none,GCAP estimated restatement; Position_Residency may include GCAP interpolation/extrapolation per documentation,EA issuer aggregation + diagonal set to zero + within-sample row normalization,GCAP Restated Bilateral External Portfolios v1.8,IMF CPIS,https://globalcapitalallocation.s3.us-east-2.amazonaws.com/Restated_Bilateral_External_Portfolios_ReadMe.pdf,0.0,0.0,0.0,0.0
JP,JPN,Japan,KR,KOR,"Korea, Republic of",2017,Issuance,EF+B,2,0,0,26668.647773585,28262.260448589514,13597.563037648391,14664.697410941124,False,none,GCAP estimated restatement; Position_Residency may include GCAP interpolation/extrapolation per documentation,diagonal set to zero + within-sample row normalization,GCAP Restated Bilateral External Portfolios v1.8,IMF CPIS,https://globalcapitalallocation.s3.us-east-2.amazonaws.com/Restated_Bilateral_External_Portfolios_ReadMe.pdf,0.007763601916808797,0.009034232142053877,0.009223761483756266,0.00676988732042028
JP,JPN,Japan,NO,NOR,Norway,2017,Issuance,EF+B,2,0,0,18880.69436829407,18481.387864636064,2145.7428225221047,16335.64504211396,False,none,GCAP estimated restatement; Position_Residency may include GCAP interpolation/extrapolation per documentation,diagonal set to zero + within-sample row normalization,GCAP Restated Bilateral External Portfolios v1.8,IMF CPIS,https://globalcapitalallocation.s3.us-east-2.amazonaws.com/Restated_Bilateral_External_Portfolios_ReadMe.pdf,0.005076810416922478,0.006395996429008604,0.0014555416985843012,0.007541272291031639
JP,JPN,Japan,SG,SGP,Singapore,2017,Issuance,EF+B,2,0,0,20072.55365876879,24145.54364212096,13718.54102409497,10427.002618025988,False,none,GCAP estimated restatement; Position_Residency may include GCAP interpolation/extrapolation per documentation,diagonal set to zero + within-sample row normalization,GCAP Restated Bilateral External Portfolios v1.8,IMF CPIS,https://globalcapitalallocation.s3.us-east-2.amazonaws.com/Restated_Bilateral_External_Portfolios_ReadMe.pdf,0.006632745786323547,0.006799748940280561,0.009305825607208298,0.004813575816511377
JP,JPN,Japan,TR,TUR,Turkey,2017,Issuance,EF+B,2,0,0,5857.961725907882,5651.507932867844,975.1134972534963,4676.3944356143475,False,none,GCAP estimated restatement; Position_Residency may include GCAP interpolation/extrapolation per documentation,diagonal set to zero + within-sample row normalization,GCAP Restated Bilateral External Portfolios v1.8,IMF CPIS,https://globalcapitalallocation.s3.us-east-2.amazonaws.com/Restated_Bilateral_External_Portfolios_ReadMe.pdf,0.0015524610248456839,0.001984434552528653,0.0006614578136799108,0.0021588350927261167
JP,JPN,Japan,US,USA,United States,2017,Issuance,EF+B,2,0,0,1595103.7506873521,1676360.388481388,553622.5738950244,1122737.8145863637,False,none,GCAP estimated restatement; Position_Residency may include GCAP interpolation/extrapolation per documentation,diagonal set to zero + within-sample row normalization,GCAP Restated Bilateral External Portfolios v1.8,IMF CPIS,https://globalcapitalallocation.s3.us-east-2.amazonaws.com/Restated_Bilateral_External_Portfolios_ReadMe.pdf,0.46049376513781165,0.540355015249174,0.37554395294894444,0.5183065345387722
JP,JPN,Japan,ZA,ZAF,South Africa,2017,Issuance,EF+B,2,0,0,8495.36160764393,9054.148733528771,4971.674261125244,4082.4744724035263,False,none,GCAP estimated restatement; Position_Residency may include GCAP interpolation/extrapolation per documentation,diagonal set to zero + within-sample row normalization,GCAP Restated Bilateral External Portfolios v1.8,IMF CPIS,https://globalcapitalallocation.s3.us-east-2.amazonaws.com/Restated_Bilateral_External_Portfolios_ReadMe.pdf,0.0024871615131621225,0.0028778762817575775,0.003372482071425659,0.0018846547864017885
KR,KOR,"Korea, Republic of",AU,AUS,Australia,2017,Issuance,EF+B,2,0,0,11777.6,11282.31151809293,4853.738613569469,6428.572904523462,False,none,GCAP estimated restatement; Position_Residency may include GCAP interpolation/extrapolation per documentation,diagonal set to zero + within-sample row normalization,GCAP Restated Bilateral External Portfolios v1.8,IMF CPIS,https://globalcapitalallocation.s3.us-east-2.amazonaws.com/Restated_Bilateral_External_Portfolios_ReadMe.pdf,0.029525685571576196,0.03241131236771674,0.02116660869928444,0.04206977076150873
KR,KOR,"Korea, Republic of",BR,BRA,Brazil,2017,Issuance,EF+B,2,0,0,11633.199999999999,10587.715269963257,1296.1954632578418,9291.519806705415,False,none,GCAP estimated restatement; Position_Residency may include GCAP interpolation/extrapolation per documentation,diagonal set to zero + within-sample row normalization,GCAP Restated Bilateral External Portfolios v1.8,IMF CPIS,https://globalcapitalallocation.s3.us-east-2.amazonaws.com/Restated_Bilateral_External_Portfolios_ReadMe.pdf,0.027707934804050868,0.032013931449202074,0.005652562767155237,0.0608054251075015
KR,KOR,"Korea, Republic of",CA,CAN,Canada,2017,Issuance,EF+B,2,0,0,8104.1,8602.116848942416,4283.040242398682,4319.076606543735,False,none,GCAP estimated restatement; Position_Residency may include GCAP interpolation/extrapolation per documentation,diagonal set to zero + within-sample row normalization,GCAP Restated Bilateral External Portfolios v1.8,IMF CPIS,https://globalcapitalallocation.s3.us-east-2.amazonaws.com/Restated_Bilateral_External_Portfolios_ReadMe.pdf,0.02251164550141431,0.022302040870738796,0.018677857229619385,0.028264836603289517
KR,KOR,"Korea, Republic of",CH,CHE,Switzerland,2017,Issuance,EF+B,2,0,0,5661.9,7493.713613472064,4680.0335651153,2813.680048356764,False,none,GCAP estimated restatement; Position_Residency may include GCAP interpolation/extrapolation per documentation,diagonal set to zero + within-sample row normalization,GCAP Restated Bilateral External Portfolios v1.8,IMF CPIS,https://globalcapitalallocation.s3.us-east-2.amazonaws.com/Restated_Bilateral_External_Portfolios_ReadMe.pdf,0.019610966383971615,0.015581239768269884,0.020409100501492198,0.01841324293721679
KR,KOR,"Korea, Republic of",CN,CHN,China,2017,Issuance,EF+B,2,0,0,17861.8,32145.73414405639,21569.89453154488,10575.83961251151,False,none,GCAP estimated restatement; Position_Residency may include GCAP interpolation/extrapolation per documentation,diagonal set to zero + within-sample row normalization,GCAP Restated Bilateral External Portfolios v1.8,IMF CPIS,https://globalcapitalallocation.s3.us-east-2.amazonaws.com/Restated_Bilateral_External_Portfolios_ReadMe.pdf,0.08412503388891732,0.049154698686462675,0.0940638863324137,0.06921025159344038
KR,KOR,"Korea, Republic of",EA,EMU,European Monetary Union,2017,Issuance,EF+B,38,0,0,67813.29999190866,68346.64821123754,44776.91562289801,23569.73258833954,False,none,GCAP estimated restatement; Position_Residency may include GCAP interpolation/extrapolation per documentation,EA issuer aggregation + diagonal set to zero + within-sample row normalization,GCAP Restated Bilateral External Portfolios v1.8,IMF CPIS,https://globalcapitalallocation.s3.us-east-2.amazonaws.com/Restated_Bilateral_External_Portfolios_ReadMe.pdf,0.17886242918572,0.18661850026520127,0.1952670976350246,0.1542446918823595
KR,KOR,"Korea, Republic of",UK,GBR,United Kingdom,2017,Issuance,EF+B,2,0,0,26814.5,26179.4487673915,13141.808693989879,13037.64007340162,False,none,GCAP estimated restatement; Position_Residency may include GCAP interpolation/extrapolation per documentation,diagonal set to zero + within-sample row normalization,GCAP Restated Bilateral External Portfolios v1.8,IMF CPIS,https://globalcapitalallocation.s3.us-east-2.amazonaws.com/Restated_Bilateral_External_Portfolios_ReadMe.pdf,0.06851133045773632,0.07379204043982988,0.05730995102391226,0.08532072939129631
KR,KOR,"Korea, Republic of",JP,JPN,Japan,2017,Issuance,EF+B,2,0,0,19787.1,20797.470278498367,14860.133577694301,5937.336700804066,False,none,GCAP estimated restatement; Position_Residency may include GCAP interpolation/extrapolation per documentation,diagonal set to zero + within-sample row normalization,GCAP Restated Bilateral External Portfolios v1.8,IMF CPIS,https://globalcapitalallocation.s3.us-east-2.amazonaws.com/Restated_Bilateral_External_Portfolios_ReadMe.pdf,0.0544267517469629,0.05445301920181088,0.06480337276070156,0.038855030135998045
KR,KOR,"Korea, Republic of",KR,KOR,"Korea, Republic of",2017,Issuance,EF+B,2,0,0,0.0,152.59957933146507,47.263789487071335,105.33578984439373,True,none,GCAP estimated restatement; Position_Residency may include GCAP interpolation/extrapolation per documentation,EA issuer aggregation + diagonal set to zero + within-sample row normalization,GCAP Restated Bilateral External Portfolios v1.8,IMF CPIS,https://globalcapitalallocation.s3.us-east-2.amazonaws.com/Restated_Bilateral_External_Portfolios_ReadMe.pdf,0.0,0.0,0.0,0.0
KR,KOR,"Korea, Republic of",NO,NOR,Norway,2017,Issuance,EF+B,2,0,0,791.4000000000001,813.3426339016878,428.95593945198925,384.38669444969855,False,none,GCAP estimated restatement; Position_Residency may include GCAP interpolation/extrapolation per documentation,diagonal set to zero + within-sample row normalization,GCAP Restated Bilateral External Portfolios v1.8,IMF CPIS,https://globalcapitalallocation.s3.us-east-2.amazonaws.com/Restated_Bilateral_External_Portfolios_ReadMe.pdf,0.0021285087574499147,0.0021778896046572333,0.0018706286519489881,0.0025154976632362934
KR,KOR,"Korea, Republic of",SG,SGP,Singapore,2017,Issuance,EF+B,2,0,0,4550.2,4487.764073370607,1859.4789001327008,2628.285173237906,False,none,GCAP estimated restatement; Position_Residency may include GCAP interpolation/extrapolation per documentation,diagonal set to zero + within-sample row normalization,GCAP Restated Bilateral External Portfolios v1.8,IMF CPIS,https://globalcapitalallocation.s3.us-east-2.amazonaws.com/Restated_Bilateral_External_Portfolios_ReadMe.pdf,0.011744429387299348,0.012521902045882412,0.008108978541541186,0.017199984565188252
KR,KOR,"Korea, Republic of",TR,TUR,Turkey,2017,Issuance,EF+B,2,0,0,493.0,458.8357157558203,305.70007287710905,153.13564287871122,False,none,GCAP estimated restatement; Position_Residency may include GCAP interpolation/extrapolation per documentation,diagonal set to zero + within-sample row normalization,GCAP Restated Bilateral External Portfolios v1.8,IMF CPIS,https://globalcapitalallocation.s3.us-east-2.amazonaws.com/Restated_Bilateral_External_Portfolios_ReadMe.pdf,0.0012007680385965275,0.001356709091604771,0.0013331236675668367,0.001002147986342423
KR,KOR,"Korea, Republic of",US,USA,United States,2017,Issuance,EF+B,2,0,0,187013.4,189786.8444585608,116279.61197811586,73507.23248044495,False,none,GCAP estimated restatement; Position_Residency may include GCAP interpolation/extrapolation per documentation,diagonal set to zero + within-sample row normalization,GCAP Restated Bilateral External Portfolios v1.8,IMF CPIS,https://globalcapitalallocation.s3.us-east-2.amazonaws.com/Restated_Bilateral_External_Portfolios_ReadMe.pdf,0.49667009159593645,0.5146506694359426,0.5070823219784784,0.4810449326302669
KR,KOR,"Korea, Republic of",ZA,ZAF,South Africa,2017,Issuance,EF+B,2,0,0,1077.8,1136.582781445235,975.606474597007,160.97630684822798,False,none,GCAP estimated restatement; Position_Residency may include GCAP interpolation/extrapolation per documentation,diagonal set to zero + within-sample row normalization,GCAP Restated Bilateral External Portfolios v1.8,IMF CPIS,https://globalcapitalallocation.s3.us-east-2.amazonaws.com/Restated_Bilateral_External_Portfolios_ReadMe.pdf,0.002974424680368332,0.0029660467726807752,0.004254510210861333,0.0010534587423553926
NO,NOR,Norway,AU,AUS,Australia,2017,Fund Holdings,EF+B,2,0,0,27820.341047503,29880.42068642378,16179.559594810009,13700.86109161377,False,none,GCAP estimated restatement; Position_Residency may include GCAP interpolation/extrapolation per documentation,diagonal set to zero + within-sample row normalization,GCAP Restated Bilateral External Portfolios v1.8,IMF CPIS,https://globalcapitalallocation.s3.us-east-2.amazonaws.com/Restated_Bilateral_External_Portfolios_ReadMe.pdf,0.028063592313345473,0.026773531825108384,0.023211281819786562,0.03726261305213531
NO,NOR,Norway,BR,BRA,Brazil,2017,Fund Holdings,EF+B,2,0,0,9641.29110840438,8392.144546508789,5155.639343261719,3236.5052032470703,False,none,GCAP estimated restatement; Position_Residency may include GCAP interpolation/extrapolation per documentation,diagonal set to zero + within-sample row normalization,GCAP Restated Bilateral External Portfolios v1.8,IMF CPIS,https://globalcapitalallocation.s3.us-east-2.amazonaws.com/Restated_Bilateral_External_Portfolios_ReadMe.pdf,0.007881874410653605,0.00927851365607783,0.007396307486392511,0.008802413236905029
NO,NOR,Norway,CA,CAN,Canada,2017,Fund Holdings,EF+B,2,0,0,35093.3008526187,36226.2940325737,18219.05131793022,18007.24271464348,False,none,GCAP estimated restatement; Position_Residency may include GCAP interpolation/extrapolation per documentation,diagonal set to zero + within-sample row normalization,GCAP Restated Bilateral External Portfolios v1.8,IMF CPIS,https://globalcapitalallocation.s3.us-east-2.amazonaws.com/Restated_Bilateral_External_Portfolios_ReadMe.pdf,0.034023615578325526,0.03377282850779504,0.026137147439123355,0.048974798950582495
NO,NOR,Norway,CH,CHE,Switzerland,2017,Fund Holdings,EF+B,2,0,0,37925.822168087696,39803.29638028145,31765.54268670082,8037.753693580628,False,none,GCAP estimated restatement; Position_Residency may include GCAP interpolation/extrapolation per documentation,diagonal set to zero + within-sample row normalization,GCAP Restated Bilateral External Portfolios v1.8,IMF CPIS,https://globalcapitalallocation.s3.us-east-2.amazonaws.com/Restated_Bilateral_External_Portfolios_ReadMe.pdf,0.03738312435644522,0.03649876919470167,0.0455710156471741,0.021860502320952185
NO,NOR,Norway,CN,CHN,China,2017,Fund Holdings,EF+B,2,0,0,14287.210718635859,30136.600479125977,27625.343284606934,2511.257194519043,False,none,GCAP estimated restatement; Position_Residency may include GCAP interpolation/extrapolation per documentation,diagonal set to zero + within-sample row normalization,GCAP Restated Bilateral External Portfolios v1.8,IMF CPIS,https://globalcapitalallocation.s3.us-east-2.amazonaws.com/Restated_Bilateral_External_Portfolios_ReadMe.pdf,0.02830419552762948,0.013749619036455328,0.039631463674267536,0.006829936052050875
NO,NOR,Norway,EA,EMU,European Monetary Union,2017,Fund Holdings,EF+B,38,0,0,296240.56029232644,296628.06495910883,178520.6929116845,118107.37204742432,False,none,GCAP estimated restatement; Position_Residency may include GCAP interpolation/extrapolation per documentation,EA issuer aggregation + diagonal set to zero + within-sample row normalization,GCAP Restated Bilateral External Portfolios v1.8,IMF CPIS,https://globalcapitalallocation.s3.us-east-2.amazonaws.com/Restated_Bilateral_External_Portfolios_ReadMe.pdf,0.27859209785126005,0.285093775641777,0.25610673081397556,0.3212199053606622
NO,NOR,Norway,UK,GBR,United Kingdom,2017,Fund Holdings,EF+B,2,0,0,91205.48112058459,86788.82504273951,63018.38122178614,23770.44382095337,False,none,GCAP estimated restatement; Position_Residency may include GCAP interpolation/extrapolation per documentation,diagonal set to zero + within-sample row normalization,GCAP Restated Bilateral External Portfolios v1.8,IMF CPIS,https://globalcapitalallocation.s3.us-east-2.amazonaws.com/Restated_Bilateral_External_Portfolios_ReadMe.pdf,0.08151177752528536,0.08777364904466059,0.09040650320512014,0.06464913732465098
NO,NOR,Norway,JP,JPN,Japan,2017,Fund Holdings,EF+B,2,0,0,93585.01827040201,96857.57052719593,66735.25759994984,30122.312927246094,False,none,GCAP estimated restatement; Position_Residency may include GCAP interpolation/extrapolation per documentation,diagonal set to zero + within-sample row normalization,GCAP Restated Bilateral External Portfolios v1.8,IMF CPIS,https://globalcapitalallocation.s3.us-east-2.amazonaws.com/Restated_Bilateral_External_Portfolios_ReadMe.pdf,0.09096830999341782,0.09006365021685622,0.09573875372759663,0.08192449243429978
NO,NOR,Norway,KR,KOR,"Korea, Republic of",2017,Fund Holdings,EF+B,2,0,0,21670.40194884291,21860.824655056,14863.931460857391,6996.893194198608,False,none,GCAP estimated restatement; Position_Residency may include GCAP interpolation/extrapolation per documentation,diagonal set to zero + within-sample row normalization,GCAP Restated Bilateral External Portfolios v1.8,IMF CPIS,https://globalcapitalallocation.s3.us-east-2.amazonaws.com/Restated_Bilateral_External_Portfolios_ReadMe.pdf,0.020531614236333845,0.020854999413902273,0.021323874736282895,0.01902964506531117
NO,NOR,Norway,NO,NOR,Norway,2017,Fund Holdings,EF+B,2,0,0,1148880.5625,1154543.6963995546,268165.3362569809,886378.3601425737,True,none,GCAP estimated restatement; Position_Residency may include GCAP interpolation/extrapolation per documentation,EA issuer aggregation + diagonal set to zero + within-sample row normalization,GCAP Restated Bilateral External Portfolios v1.8,IMF CPIS,https://globalcapitalallocation.s3.us-east-2.amazonaws.com/Restated_Bilateral_External_Portfolios_ReadMe.pdf,0.0,0.0,0.0,0.0
NO,NOR,Norway,SG,SGP,Singapore,2017,Fund Holdings,EF+B,2,0,0,6561.8757612667405,5233.2779541015625,3260.561767578125,1972.7161865234375,False,none,GCAP estimated restatement; Position_Residency may include GCAP interpolation/extrapolation per documentation,diagonal set to zero + within-sample row normalization,GCAP Restated Bilateral External Portfolios v1.8,IMF CPIS,https://globalcapitalallocation.s3.us-east-2.amazonaws.com/Restated_Bilateral_External_Portfolios_ReadMe.pdf,0.004915077351406004,0.006314968936818654,0.004677619167233332,0.005365251091050114
NO,NOR,Norway,TR,TUR,Turkey,2017,Fund Holdings,EF+B,2,0,0,3221.8026796589497,3218.7496337890625,1636.5328369140625,1582.216796875,False,none,GCAP estimated restatement; Position_Residency may include GCAP interpolation/extrapolation per documentation,diagonal set to zero + within-sample row normalization,GCAP Restated Bilateral External Portfolios v1.8,IMF CPIS,https://globalcapitalallocation.s3.us-east-2.amazonaws.com/Restated_Bilateral_External_Portfolios_ReadMe.pdf,0.003023039013718697,0.0031005743758058817,0.0023477786686562255,0.004303199037805712
NO,NOR,Norway,US,USA,United States,2017,Fund Holdings,EF+B,2,0,0,394725.334957369,402311.7098657638,264358.32951565087,137953.38035011292,False,none,GCAP estimated restatement; Position_Residency may include GCAP interpolation/extrapolation per documentation,diagonal set to zero + within-sample row normalization,GCAP Restated Bilateral External Portfolios v1.8,IMF CPIS,https://globalcapitalallocation.s3.us-east-2.amazonaws.com/Restated_Bilateral_External_Portfolios_ReadMe.pdf,0.3778498277197113,0.37987281678583984,0.37924985855388027,0.3751956462332708
NO,NOR,Norway,ZA,ZAF,South Africa,2017,Fund Holdings,EF+B,2,0,0,7120.21924482339,7401.915029644966,5717.018545269966,1684.896484375,False,none,GCAP estimated restatement; Position_Residency may include GCAP interpolation/extrapolation per documentation,diagonal set to zero + within-sample row normalization,GCAP Restated Bilateral External Portfolios v1.8,IMF CPIS,https://globalcapitalallocation.s3.us-east-2.amazonaws.com/Restated_Bilateral_External_Portfolios_ReadMe.pdf,0.006951854122467583,0.0068523033642011524,0.008201665060510914,0.004582459840323345
SG,SGP,Singapore,AU,AUS,Australia,2017,Issuance,EF+B,2,0,0,30450.4234625168,28837.793956901878,11349.176125194877,17488.617831707,False,none,GCAP estimated restatement; Position_Residency may include GCAP interpolation/extrapolation per documentation,diagonal set to zero + within-sample row normalization,GCAP Restated Bilateral External Portfolios v1.8,IMF CPIS,https://globalcapitalallocation.s3.us-east-2.amazonaws.com/Restated_Bilateral_External_Portfolios_ReadMe.pdf,0.03556047910447764,0.04099314306774773,0.025916675048286687,0.04688128862675364
SG,SGP,Singapore,BR,BRA,Brazil,2017,Issuance,EF+B,2,0,0,994.75160855903,2270.0337506607175,77.34717083722353,2192.686579823494,False,none,GCAP estimated restatement; Position_Residency may include GCAP interpolation/extrapolation per documentation,diagonal set to zero + within-sample row normalization,GCAP Restated Bilateral External Portfolios v1.8,IMF CPIS,https://globalcapitalallocation.s3.us-east-2.amazonaws.com/Restated_Bilateral_External_Portfolios_ReadMe.pdf,0.002799225484358159,0.0013391601944954398,0.00017662793055458182,0.005877878595433918
SG,SGP,Singapore,CA,CAN,Canada,2017,Issuance,EF+B,2,0,0,20506.20155618738,21178.76023054123,9136.695717781782,12042.064512759447,False,none,GCAP estimated restatement; Position_Residency may include GCAP interpolation/extrapolation per documentation,diagonal set to zero + within-sample row normalization,GCAP Restated Bilateral External Portfolios v1.8,IMF CPIS,https://globalcapitalallocation.s3.us-east-2.amazonaws.com/Restated_Bilateral_External_Portfolios_ReadMe.pdf,0.026115966490448353,0.027605975831620888,0.02086431396611681,0.03228085303923413
SG,SGP,Singapore,CH,CHE,Switzerland,2017,Issuance,EF+B,2,0,0,10186.12150231932,14609.059880435467,8318.161190509796,6290.898689925671,False,none,GCAP estimated restatement; Position_Residency may include GCAP interpolation/extrapolation per documentation,diagonal set to zero + within-sample row normalization,GCAP Restated Bilateral External Portfolios v1.8,IMF CPIS,https://globalcapitalallocation.s3.us-east-2.amazonaws.com/Restated_Bilateral_External_Portfolios_ReadMe.pdf,0.018014733352720712,0.013712818692457187,0.01899513041260607,0.016863850536511217
SG,SGP,Singapore,CN,CHN,China,2017,Issuance,EF+B,2,0,0,122117.0073320365,175886.14973822236,116698.02182459831,59188.12791362405,False,none,GCAP estimated restatement; Position_Residency may include GCAP interpolation/extrapolation per documentation,diagonal set to zero + within-sample row normalization,GCAP Restated Bilateral External Portfolios v1.8,IMF CPIS,https://globalcapitalallocation.s3.us-east-2.amazonaws.com/Restated_Bilateral_External_Portfolios_ReadMe.pdf,0.21688884253353719,0.16439705538839217,0.26648848137018843,0.15866409425249492
SG,SGP,Singapore,EA,EMU,European Monetary Union,2017,Issuance,EF+B,38,0,0,85825.63393771574,84413.27269551973,44703.4572926003,39709.81540291943,False,none,GCAP estimated restatement; Position_Residency may include GCAP interpolation/extrapolation per documentation,EA issuer aggregation + diagonal set to zero + within-sample row normalization,GCAP Restated Bilateral External Portfolios v1.8,IMF CPIS,https://globalcapitalallocation.s3.us-east-2.amazonaws.com/Restated_Bilateral_External_Portfolios_ReadMe.pdf,0.10409174933130326,0.11554067532820227,0.10208361941051382,0.10644908220500948
SG,SGP,Singapore,UK,GBR,United Kingdom,2017,Issuance,EF+B,2,0,0,42200.610504264594,44181.574878916144,21955.13754928112,22226.437329635024,False,none,GCAP estimated restatement; Position_Residency may include GCAP interpolation/extrapolation per documentation,diagonal set to zero + within-sample row normalization,GCAP Restated Bilateral External Portfolios v1.8,IMF CPIS,https://globalcapitalallocation.s3.us-east-2.amazonaws.com/Restated_Bilateral_External_Portfolios_ReadMe.pdf,0.05448121214239375,0.056811547007781175,0.05013616488354442,0.059581839664076236
SG,SGP,Singapore,JP,JPN,Japan,2017,Issuance,EF+B,2,0,0,39903.5395780338,43164.39037092775,40495.11335667223,2669.2770142555237,False,none,GCAP estimated restatement; Position_Residency may include GCAP interpolation/extrapolation per documentation,diagonal set to zero + within-sample row normalization,GCAP Restated Bilateral External Portfolios v1.8,IMF CPIS,https://globalcapitalallocation.s3.us-east-2.amazonaws.com/Restated_Bilateral_External_Portfolios_ReadMe.pdf,0.05322690092511485,0.053719171059983445,0.0924735577570735,0.007155462331802698
SG,SGP,Singapore,KR,KOR,"Korea, Republic of",2017,Issuance,EF+B,2,0,0,46730.1518778992,46452.402474194765,27103.940291821957,19348.46218237281,False,none,GCAP estimated restatement; Position_Residency may include GCAP interpolation/extrapolation per documentation,diagonal set to zero + within-sample row normalization,GCAP Restated Bilateral External Portfolios v1.8,IMF CPIS,https://globalcapitalallocation.s3.us-east-2.amazonaws.com/Restated_Bilateral_External_Portfolios_ReadMe.pdf,0.05728141653293972,0.06290933207764238,0.06189383311374531,0.05186692560752873
SG,SGP,Singapore,NO,NOR,Norway,2017,Issuance,EF+B,2,0,0,0.0,214.77002357691526,145.5077579692006,69.26226560771465,False,none,GCAP estimated restatement; Position_Residency may include GCAP interpolation/extrapolation per documentation,diagonal set to zero + within-sample row normalization,GCAP Restated Bilateral External Portfolios v1.8,IMF CPIS,https://globalcapitalallocation.s3.us-east-2.amazonaws.com/Restated_Bilateral_External_Portfolios_ReadMe.pdf,0.00026483735014852587,0.0,0.0003322776242692037,0.00018566957641507367
SG,SGP,Singapore,SG,SGP,Singapore,2017,Issuance,EF+B,2,0,0,0.0,4435.798570515588,2628.675017118454,1807.123553397134,True,none,GCAP estimated restatement; Position_Residency may include GCAP interpolation/extrapolation per documentation,EA issuer aggregation + diagonal set to zero + within-sample row normalization,GCAP Restated Bilateral External Portfolios v1.8,IMF CPIS,https://globalcapitalallocation.s3.us-east-2.amazonaws.com/Restated_Bilateral_External_Portfolios_ReadMe.pdf,0.0,0.0,0.0,0.0
SG,SGP,Singapore,TR,TUR,Turkey,2017,Issuance,EF+B,2,0,0,0.0,15.058413043618202,8.350866973400116,6.707546070218086,False,none,GCAP estimated restatement; Position_Residency may include GCAP interpolation/extrapolation per documentation,diagonal set to zero + within-sample row normalization,GCAP Restated Bilateral External Portfolios v1.8,IMF CPIS,https://globalcapitalallocation.s3.us-east-2.amazonaws.com/Restated_Bilateral_External_Portfolios_ReadMe.pdf,1.8568840015448502e-05,0.0,1.906981646364783e-05,1.798074646728375e-05
SG,SGP,Singapore,US,USA,United States,2017,Issuance,EF+B,2,0,0,343903.044291485,349410.016256568,157853.88044213038,191556.13581443764,False,none,GCAP estimated restatement; Position_Residency may include GCAP interpolation/extrapolation per documentation,diagonal set to zero + within-sample row normalization,GCAP Restated Bilateral External Portfolios v1.8,IMF CPIS,https://globalcapitalallocation.s3.us-east-2.amazonaws.com/Restated_Bilateral_External_Portfolios_ReadMe.pdf,0.4308647048576718,0.4629711213516773,0.360470899332311,0.5134996131632964
SG,SGP,Singapore,ZA,ZAF,South Africa,2017,Issuance,EF+B,2,0,0,0.0,317.37612717598677,65.4015955477953,251.97453162819147,False,none,GCAP estimated restatement; Position_Residency may include GCAP interpolation/extrapolation per documentation,diagonal set to zero + within-sample row normalization,GCAP Restated Bilateral External Portfolios v1.8,IMF CPIS,https://globalcapitalallocation.s3.us-east-2.amazonaws.com/Restated_Bilateral_External_Portfolios_ReadMe.pdf,0.00039136305487058853,0.0,0.00014934933432646675,0.0006754616549762695
TR,TUR,Turkey,AU,AUS,Australia,2017,Issuance,EF+B,2,0,0,0.762106,1.9979883154725844,1.0444567901981578,0.9535315252744266,False,none,GCAP estimated restatement; Position_Residency may include GCAP interpolation/extrapolation per documentation,diagonal set to zero + within-sample row normalization,GCAP Restated Bilateral External Portfolios v1.8,IMF CPIS,https://globalcapitalallocation.s3.us-east-2.amazonaws.com/Restated_Bilateral_External_Portfolios_ReadMe.pdf,0.0027015997160462816,0.0013440888447739136,0.00241301713490461,0.003108853778505795
TR,TUR,Turkey,BR,BRA,Brazil,2017,Issuance,EF+B,2,0,0,8.421216,19.356040784102802,0.09625416899234818,19.259786615110453,False,none,GCAP estimated restatement; Position_Residency may include GCAP interpolation/extrapolation per documentation,diagonal set to zero + within-sample row normalization,GCAP Restated Bilateral External Portfolios v1.8,IMF CPIS,https://globalcapitalallocation.s3.us-east-2.amazonaws.com/Restated_Bilateral_External_Portfolios_ReadMe.pdf,0.026172462511996064,0.014852084204863364,0.00022237680032744528,0.06279379213431793
TR,TUR,Turkey,CA,CAN,Canada,2017,Issuance,EF+B,2,0,0,9.290539,13.224772910815375,9.18724607461158,4.037526836203796,False,none,GCAP estimated restatement; Position_Residency may include GCAP interpolation/extrapolation per documentation,diagonal set to zero + within-sample row normalization,GCAP Restated Bilateral External Portfolios v1.8,IMF CPIS,https://globalcapitalallocation.s3.us-east-2.amazonaws.com/Restated_Bilateral_External_Portfolios_ReadMe.pdf,0.017882007849572744,0.016385266395799264,0.021225370363494776,0.01316378140401622
TR,TUR,Turkey,CH,CHE,Switzerland,2017,Issuance,EF+B,2,0,0,6.699714,13.861130287876172,6.147326842138698,7.713803445737475,False,none,GCAP estimated restatement; Position_Residency may include GCAP interpolation/extrapolation per documentation,diagonal set to zero + within-sample row normalization,GCAP Restated Bilateral External Portfolios v1.8,IMF CPIS,https://globalcapitalallocation.s3.us-east-2.amazonaws.com/Restated_Bilateral_External_Portfolios_ReadMe.pdf,0.018742464788113332,0.011815955852041078,0.014202219893774107,0.025149757877203072
TR,TUR,Turkey,CN,CHN,China,2017,Issuance,EF+B,2,0,0,0.957207,38.43137707919201,14.017010008104762,24.41436707108725,False,none,GCAP estimated restatement; Position_Residency may include GCAP interpolation/extrapolation per documentation,diagonal set to zero + within-sample row normalization,GCAP Restated Bilateral External Portfolios v1.8,IMF CPIS,https://globalcapitalallocation.s3.us-east-2.amazonaws.com/Restated_Bilateral_External_Portfolios_ReadMe.pdf,0.051965367665253184,0.001688178876481098,0.03238361380490344,0.07959956782439134
TR,TUR,Turkey,EA,EMU,European Monetary Union,2017,Issuance,EF+B,38,0,0,126.1310269978977,130.99067091969528,47.23879904121763,83.75187187847764,False,none,GCAP estimated restatement; Position_Residency may include GCAP interpolation/extrapolation per documentation,EA issuer aggregation + diagonal set to zero + within-sample row normalization,GCAP Restated Bilateral External Portfolios v1.8,IMF CPIS,https://globalcapitalallocation.s3.us-east-2.amazonaws.com/Restated_Bilateral_External_Portfolios_ReadMe.pdf,0.17712033479918343,0.22245108471492372,0.10913618695240368,0.2730610540342683
TR,TUR,Turkey,UK,GBR,United Kingdom,2017,Issuance,EF+B,2,0,0,24.244683000000002,41.89593660644191,13.841256773935413,28.054679832506494,False,none,GCAP estimated restatement; Position_Residency may include GCAP interpolation/extrapolation per documentation,diagonal set to zero + within-sample row normalization,GCAP Restated Bilateral External Portfolios v1.8,IMF CPIS,https://globalcapitalallocation.s3.us-east-2.amazonaws.com/Restated_Bilateral_External_Portfolios_ReadMe.pdf,0.05665000619019364,0.042759154192959704,0.03197756965875444,0.09146828929117662
TR,TUR,Turkey,JP,JPN,Japan,2017,Issuance,EF+B,2,0,0,1.765394,6.320307969075582,2.2505179055915505,4.069790063484032,False,none,GCAP estimated restatement; Position_Residency may include GCAP interpolation/extrapolation per documentation,diagonal set to zero + within-sample row normalization,GCAP Restated Bilateral External Portfolios v1.8,IMF CPIS,https://globalcapitalallocation.s3.us-east-2.amazonaws.com/Restated_Bilateral_External_Portfolios_ReadMe.pdf,0.00854606710277027,0.0031135385130556625,0.005199390074884522,0.013268971063066124
TR,TUR,Turkey,KR,KOR,"Korea, Republic of",2017,Issuance,EF+B,2,0,0,0.0,0.6474955694738277,0.034428394962850106,0.6130671745109776,False,none,GCAP estimated restatement; Position_Residency may include GCAP interpolation/extrapolation per documentation,diagonal set to zero + within-sample row normalization,GCAP Restated Bilateral External Portfolios v1.8,IMF CPIS,https://globalcapitalallocation.s3.us-east-2.amazonaws.com/Restated_Bilateral_External_Portfolios_ReadMe.pdf,0.0008755175558761776,0.0,7.954020477655123e-05,0.001998818236667944
TR,TUR,Turkey,NO,NOR,Norway,2017,Issuance,EF+B,2,0,0,0.09447,0.20267304218979146,0.09789535492291179,0.10477768726687967,False,none,GCAP estimated restatement; Position_Residency may include GCAP interpolation/extrapolation per documentation,diagonal set to zero + within-sample row normalization,GCAP Restated Bilateral External Portfolios v1.8,IMF CPIS,https://globalcapitalallocation.s3.us-east-2.amazonaws.com/Restated_Bilateral_External_Portfolios_ReadMe.pdf,0.0002740463640302454,0.00016661208961193277,0.0002261684457159185,0.00034161273154444447
TR,TUR,Turkey,SG,SGP,Singapore,2017,Issuance,EF+B,2,0,0,0.0,1.7135668897958114,0.1790100282002598,1.5345568615955516,False,none,GCAP estimated restatement; Position_Residency may include GCAP interpolation/extrapolation per documentation,diagonal set to zero + within-sample row normalization,GCAP Restated Bilateral External Portfolios v1.8,IMF CPIS,https://globalcapitalallocation.s3.us-east-2.amazonaws.com/Restated_Bilateral_External_Portfolios_ReadMe.pdf,0.0023170164645350735,0.0,0.00041356834425388967,0.0050032041637326176
TR,TUR,Turkey,TR,TUR,Turkey,2017,Issuance,EF+B,2,0,0,0.0,0.08574392726510477,0.002022150664532818,0.08372177660057195,True,none,GCAP estimated restatement; Position_Residency may include GCAP interpolation/extrapolation per documentation,EA issuer aggregation + diagonal set to zero + within-sample row normalization,GCAP Restated Bilateral External Portfolios v1.8,IMF CPIS,https://globalcapitalallocation.s3.us-east-2.amazonaws.com/Restated_Bilateral_External_Portfolios_ReadMe.pdf,0.0,0.0,0.0,0.0
TR,TUR,Turkey,US,USA,United States,2017,Issuance,EF+B,2,0,0,388.414015,470.53426380872713,338.66978170911284,131.86448209961426,False,none,GCAP estimated restatement; Position_Residency may include GCAP interpolation/extrapolation per documentation,diagonal set to zero + within-sample row normalization,GCAP Restated Bilateral External Portfolios v1.8,IMF CPIS,https://globalcapitalallocation.s3.us-east-2.amazonaws.com/Restated_Bilateral_External_Portfolios_ReadMe.pdf,0.6362375713869115,0.6850266822664401,0.7824315893273558,0.42992536959710126
TR,TUR,Turkey,ZA,ZAF,South Africa,2017,Issuance,EF+B,2,0,0,0.225302,0.3812696995390853,0.03869137142572654,0.34257832811335875,False,none,GCAP estimated restatement; Position_Residency may include GCAP interpolation/extrapolation per documentation,diagonal set to zero + within-sample row normalization,GCAP Restated Bilateral External Portfolios v1.8,IMF CPIS,https://globalcapitalallocation.s3.us-east-2.amazonaws.com/Restated_Bilateral_External_Portfolios_ReadMe.pdf,0.0005155376055180828,0.00039735404904993836,8.938899445090843e-05,0.0011169278640083752
US,USA,United States,AU,AUS,Australia,2017,Fund Holdings,E+BC+BG+BSF,4,0,0,339540.0,347350.42290098727,188659.37702019274,158691.04588079453,False,none,GCAP estimated restatement; Position_Residency may include GCAP interpolation/extrapolation per documentation,diagonal set to zero + within-sample row normalization,GCAP Restated Bilateral External Portfolios v1.8,US Treasury TIC,https://globalcapitalallocation.s3.us-east-2.amazonaws.com/Restated_Bilateral_External_Portfolios_ReadMe.pdf,0.04266737991274516,0.0427839264288841,0.03180292300631867,0.07184654325899552
US,USA,United States,BR,BRA,Brazil,2017,Fund Holdings,E+BC+BG+BSF,4,0,0,153495.0,186721.20143213985,105410.54252405465,81310.6589080852,False,none,GCAP estimated restatement; Position_Residency may include GCAP interpolation/extrapolation per documentation,diagonal set to zero + within-sample row normalization,GCAP Restated Bilateral External Portfolios v1.8,US Treasury TIC,https://globalcapitalallocation.s3.us-east-2.amazonaws.com/Restated_Bilateral_External_Portfolios_ReadMe.pdf,0.02293621632221333,0.019341222793195396,0.01776939699948218,0.0368129766883349
US,USA,United States,CA,CAN,Canada,2017,Fund Holdings,E+BC+BG+BSF,4,0,0,976235.0,961912.7409914054,482790.9197636687,479121.8212277368,False,none,GCAP estimated restatement; Position_Residency may include GCAP interpolation/extrapolation per documentation,diagonal set to zero + within-sample row normalization,GCAP Restated Bilateral External Portfolios v1.8,US Treasury TIC,https://globalcapitalallocation.s3.us-east-2.amazonaws.com/Restated_Bilateral_External_Portfolios_ReadMe.pdf,0.11815818740053614,0.12301103380250242,0.0813856310346574,0.21691990536772535
US,USA,United States,CH,CHE,Switzerland,2017,Fund Holdings,E+BC+BG+BSF,4,0,0,504637.0,476121.7955407612,401370.48097451776,74751.31456624344,False,none,GCAP estimated restatement; Position_Residency may include GCAP interpolation/extrapolation per documentation,diagonal set to zero + within-sample row normalization,GCAP Restated Bilateral External Portfolios v1.8,US Treasury TIC,https://globalcapitalallocation.s3.us-east-2.amazonaws.com/Restated_Bilateral_External_Portfolios_ReadMe.pdf,0.05848523046383858,0.0635870656809,0.06766032362163178,0.03384326775238909
US,USA,United States,CN,CHN,China,2017,Fund Holdings,E+BC+BG+BSF,4,0,0,158413.0,754237.815705806,698524.1102620363,55713.70544376969,False,none,GCAP estimated restatement; Position_Residency may include GCAP interpolation/extrapolation per documentation,diagonal set to zero + within-sample row normalization,GCAP Restated Bilateral External Portfolios v1.8,US Treasury TIC,https://globalcapitalallocation.s3.us-east-2.amazonaws.com/Restated_Bilateral_External_Portfolios_ReadMe.pdf,0.09264808477418217,0.019960918116801608,0.11775247457932107,0.025224089526081916
US,USA,United States,EA,EMU,European Monetary Union,2017,Fund Holdings,E+BC+BG+BSF,76,0,0,2640992.0,2337088.353498629,1721944.563384621,615143.7901140079,False,none,GCAP estimated restatement; Position_Residency may include GCAP interpolation/extrapolation per documentation,EA issuer aggregation + diagonal set to zero + within-sample row normalization,GCAP Restated Bilateral External Portfolios v1.8,US Treasury TIC,https://globalcapitalallocation.s3.us-east-2.amazonaws.com/Restated_Bilateral_External_Portfolios_ReadMe.pdf,0.2870802224323264,0.3327796649209857,0.29027377931290793,0.2785031422637899
US,USA,United States,UK,GBR,United Kingdom,2017,Fund Holdings,E+BC+BG+BSF,4,0,0,1401831.0,1382956.7485037446,1003542.8161497712,379413.9323539734,False,none,GCAP estimated restatement; Position_Residency may include GCAP interpolation/extrapolation per documentation,diagonal set to zero + within-sample row normalization,GCAP Restated Bilateral External Portfolios v1.8,US Treasury TIC,https://globalcapitalallocation.s3.us-east-2.amazonaws.com/Restated_Bilateral_External_Portfolios_ReadMe.pdf,0.16987784410478207,0.17663849434449264,0.1691704670059383,0.17177767877597952
US,USA,United States,JP,JPN,Japan,2017,Fund Holdings,E+BC+BG+BSF,4,0,0,1124541.0,1151403.487131402,899564.4011036158,251839.08602778614,False,none,GCAP estimated restatement; Position_Residency may include GCAP interpolation/extrapolation per documentation,diagonal set to zero + within-sample row normalization,GCAP Restated Bilateral External Portfolios v1.8,US Treasury TIC,https://globalcapitalallocation.s3.us-east-2.amazonaws.com/Restated_Bilateral_External_Portfolios_ReadMe.pdf,0.14143460545691905,0.14169841376645978,0.15164248837979244,0.11401883255714945
US,USA,United States,KR,KOR,"Korea, Republic of",2017,Fund Holdings,E+BC+BG+BSF,4,0,0,247774.0,246521.00380100682,224776.63129605725,21744.37250494957,False,none,GCAP estimated restatement; Position_Residency may include GCAP interpolation/extrapolation per documentation,diagonal set to zero + within-sample row normalization,GCAP Restated Bilateral External Portfolios v1.8,US Treasury TIC,https://globalcapitalallocation.s3.us-east-2.amazonaws.com/Restated_Bilateral_External_Portfolios_ReadMe.pdf,0.030281826743729458,0.0312209005919489,0.03789132568779266,0.00984465122871588
US,USA,United States,NO,NOR,Norway,2017,Fund Holdings,E+BC+BG+BSF,4,0,0,70847.0,72962.12711412972,37064.943612098694,35897.183502031025,False,none,GCAP estimated restatement; Position_Residency may include GCAP interpolation/extrapolation per documentation,diagonal set to zero + within-sample row normalization,GCAP Restated Bilateral External Portfolios v1.8,US Treasury TIC,https://globalcapitalallocation.s3.us-east-2.amazonaws.com/Restated_Bilateral_External_Portfolios_ReadMe.pdf,0.008962426965888486,0.00892711561438167,0.006248157746237816,0.016252262583814157
US,USA,United States,SG,SGP,Singapore,2017,Fund Holdings,E+BC+BG+BSF,4,0,0,164540.0,65125.42293548584,46370.69637298584,18754.7265625,False,none,GCAP estimated restatement; Position_Residency may include GCAP interpolation/extrapolation per documentation,diagonal set to zero + within-sample row normalization,GCAP Restated Bilateral External Portfolios v1.8,US Treasury TIC,https://globalcapitalallocation.s3.us-east-2.amazonaws.com/Restated_Bilateral_External_Portfolios_ReadMe.pdf,0.007999792080744531,0.020732954157414708,0.007816858667680247,0.008491104622849828
US,USA,United States,TR,TUR,Turkey,2017,Fund Holdings,E+BC+BG+BSF,4,0,0,39288.0,38538.441232681274,21599.476877212524,16938.96435546875,False,none,GCAP estimated restatement; Position_Residency may include GCAP interpolation/extrapolation per documentation,diagonal set to zero + within-sample row normalization,GCAP Restated Bilateral External Portfolios v1.8,US Treasury TIC,https://globalcapitalallocation.s3.us-east-2.amazonaws.com/Restated_Bilateral_External_Portfolios_ReadMe.pdf,0.004733934968573609,0.004950506277722797,0.0036410938642568863,0.0076690277549872525
US,USA,United States,US,USA,United States,2017,Fund Holdings,E+BC+BG+BSF,4,0,0,34418417.75,35689786.09705141,20557592.23997712,15132193.85707429,True,none,GCAP estimated restatement; Position_Residency may include GCAP interpolation/extrapolation per documentation,EA issuer aggregation + diagonal set to zero + within-sample row normalization,GCAP Restated Bilateral External Portfolios v1.8,US Treasury TIC,https://globalcapitalallocation.s3.us-east-2.amazonaws.com/Restated_Bilateral_External_Portfolios_ReadMe.pdf,0.0,0.0,0.0,0.0
US,USA,United States,ZA,ZAF,South Africa,2017,Fund Holdings,E+BC+BG+BSF,4,0,0,114025.0,119949.88710665889,100520.57961631007,19429.307490348816,False,none,GCAP estimated restatement; Position_Residency may include GCAP interpolation/extrapolation per documentation,diagonal set to zero + within-sample row normalization,GCAP Restated Bilateral External Portfolios v1.8,US Treasury TIC,https://globalcapitalallocation.s3.us-east-2.amazonaws.com/Restated_Bilateral_External_Portfolios_ReadMe.pdf,0.014734248373521013,0.014367783504310273,0.01694508009398265,0.008796517619187316
ZA,ZAF,South Africa,AU,AUS,Australia,2017,Issuance,EF+B,2,0,0,987.473199999999,1709.833657853509,1679.5544724448118,30.27918540869723,False,none,GCAP estimated restatement; Position_Residency may include GCAP interpolation/extrapolation per documentation,diagonal set to zero + within-sample row normalization,GCAP Restated Bilateral External Portfolios v1.8,IMF CPIS,https://globalcapitalallocation.s3.us-east-2.amazonaws.com/Restated_Bilateral_External_Portfolios_ReadMe.pdf,0.010144076076203861,0.006185640425838274,0.010376462900541589,0.004524043447162957
ZA,ZAF,South Africa,BR,BRA,Brazil,2017,Issuance,EF+B,2,0,0,911.632399999999,756.0157267974573,737.4317519755568,18.583974821900483,False,none,GCAP estimated restatement; Position_Residency may include GCAP interpolation/extrapolation per documentation,diagonal set to zero + within-sample row normalization,GCAP Restated Bilateral External Portfolios v1.8,IMF CPIS,https://globalcapitalallocation.s3.us-east-2.amazonaws.com/Restated_Bilateral_External_Portfolios_ReadMe.pdf,0.004485279028293063,0.005710565336805058,0.00455593036224503,0.002776650308799625
ZA,ZAF,South Africa,CA,CAN,Canada,2017,Issuance,EF+B,2,0,0,2383.7884,2677.1220546191616,2649.0169896504376,28.105064968724037,False,none,GCAP estimated restatement; Position_Residency may include GCAP interpolation/extrapolation per documentation,diagonal set to zero + within-sample row normalization,GCAP Restated Bilateral External Portfolios v1.8,IMF CPIS,https://globalcapitalallocation.s3.us-east-2.amazonaws.com/Restated_Bilateral_External_Portfolios_ReadMe.pdf,0.01588279050573389,0.014932311979387748,0.01636590355774563,0.004199205932644532
ZA,ZAF,South Africa,CH,CHE,Switzerland,2017,Issuance,EF+B,2,0,0,544.6084,1508.6505238694954,1354.0446209824004,154.605902887095,False,none,GCAP estimated restatement; Position_Residency may include GCAP interpolation/extrapolation per documentation,diagonal set to zero + within-sample row normalization,GCAP Restated Bilateral External Portfolios v1.8,IMF CPIS,https://globalcapitalallocation.s3.us-east-2.amazonaws.com/Restated_Bilateral_External_Portfolios_ReadMe.pdf,0.008950499726241871,0.00341148674747943,0.00836542905027062,0.02309982294464798
ZA,ZAF,South Africa,CN,CHN,China,2017,Issuance,EF+B,2,0,0,1062.1772,3633.2247661891306,3612.965094557032,20.259671632098616,False,none,GCAP estimated restatement; Position_Residency may include GCAP interpolation/extrapolation per documentation,diagonal set to zero + within-sample row normalization,GCAP Restated Bilateral External Portfolios v1.8,IMF CPIS,https://globalcapitalallocation.s3.us-east-2.amazonaws.com/Restated_Bilateral_External_Portfolios_ReadMe.pdf,0.02155514266600556,0.006653594474993057,0.022321275599981854,0.0030270178491176424
ZA,ZAF,South Africa,EA,EMU,European Monetary Union,2017,Issuance,EF+B,38,0,0,51777.66712911071,53192.32238281656,50835.497810835135,2356.824571981423,False,none,GCAP estimated restatement; Position_Residency may include GCAP interpolation/extrapolation per documentation,EA issuer aggregation + diagonal set to zero + within-sample row normalization,GCAP Restated Bilateral External Portfolios v1.8,IMF CPIS,https://globalcapitalallocation.s3.us-east-2.amazonaws.com/Restated_Bilateral_External_Portfolios_ReadMe.pdf,0.3155786309638092,0.32434098560793867,0.31406701343652116,0.35213552204487625
ZA,ZAF,South Africa,UK,GBR,United Kingdom,2017,Issuance,EF+B,2,0,0,74751.82680000001,67068.8772144927,65735.21345474012,1333.663759752583,False,none,GCAP estimated restatement; Position_Residency may include GCAP interpolation/extrapolation per documentation,diagonal set to zero + within-sample row normalization,GCAP Restated Bilateral External Portfolios v1.8,IMF CPIS,https://globalcapitalallocation.s3.us-east-2.amazonaws.com/Restated_Bilateral_External_Portfolios_ReadMe.pdf,0.397905252177273,0.46825364147537524,0.4061190124303671,0.19926403935867906
ZA,ZAF,South Africa,JP,JPN,Japan,2017,Issuance,EF+B,2,0,0,738.4328,1235.1817900239548,1187.2949852828751,47.886804741079686,False,none,GCAP estimated restatement; Position_Residency may include GCAP interpolation/extrapolation per documentation,diagonal set to zero + within-sample row normalization,GCAP Restated Bilateral External Portfolios v1.8,IMF CPIS,https://globalcapitalallocation.s3.us-east-2.amazonaws.com/Restated_Bilateral_External_Portfolios_ReadMe.pdf,0.007328068428407412,0.00462562404675383,0.007335232389845363,0.007154815503465509
ZA,ZAF,South Africa,KR,KOR,"Korea, Republic of",2017,Issuance,EF+B,2,0,0,39.7068,45.44253369694343,42.475658764029504,2.9668749329139246,False,none,GCAP estimated restatement; Position_Residency may include GCAP interpolation/extrapolation per documentation,diagonal set to zero + within-sample row normalization,GCAP Restated Bilateral External Portfolios v1.8,IMF CPIS,https://globalcapitalallocation.s3.us-east-2.amazonaws.com/Restated_Bilateral_External_Portfolios_ReadMe.pdf,0.0002696007981828755,0.00024872775003987495,0.000262419054917255,0.00044328375805466477
ZA,ZAF,South Africa,NO,NOR,Norway,2017,Issuance,EF+B,2,0,0,34.9972,194.1630930790925,190.6576899945212,3.5054030845712987,False,none,GCAP estimated restatement; Position_Residency may include GCAP interpolation/extrapolation per documentation,diagonal set to zero + within-sample row normalization,GCAP Restated Bilateral External Portfolios v1.8,IMF CPIS,https://globalcapitalallocation.s3.us-east-2.amazonaws.com/Restated_Bilateral_External_Portfolios_ReadMe.pdf,0.001151927954125063,0.00021922629911490002,0.0011779031162063812,0.0005237457890747768
ZA,ZAF,South Africa,SG,SGP,Singapore,2017,Issuance,EF+B,2,0,0,988.447599999999,2067.2095101061177,2032.9527775878087,34.256732518309036,False,none,GCAP estimated restatement; Position_Residency may include GCAP interpolation/extrapolation per documentation,diagonal set to zero + within-sample row normalization,GCAP Restated Bilateral External Portfolios v1.8,IMF CPIS,https://globalcapitalallocation.s3.us-east-2.amazonaws.com/Restated_Bilateral_External_Portfolios_ReadMe.pdf,0.012264310296882214,0.006191744174305511,0.012559794529609116,0.005118332748349131
ZA,ZAF,South Africa,TR,TUR,Turkey,2017,Issuance,EF+B,2,0,0,41.818,65.95692294090986,47.93484564125538,18.022077299654484,False,none,GCAP estimated restatement; Position_Residency may include GCAP interpolation/extrapolation per documentation,diagonal set to zero + within-sample row normalization,GCAP Restated Bilateral External Portfolios v1.8,IMF CPIS,https://globalcapitalallocation.s3.us-east-2.amazonaws.com/Restated_Bilateral_External_Portfolios_ReadMe.pdf,0.00039130826615312096,0.00026195253838555334,0.00029614648146282014,0.0026926966366917896
ZA,ZAF,South Africa,US,USA,United States,2017,Issuance,EF+B,2,0,0,25377.03,34400.892847677576,31756.905343166552,2643.987504511024,False,none,GCAP estimated restatement; Position_Residency may include GCAP interpolation/extrapolation per documentation,diagonal set to zero + within-sample row normalization,GCAP Restated Bilateral External Portfolios v1.8,IMF CPIS,https://globalcapitalallocation.s3.us-east-2.amazonaws.com/Restated_Bilateral_External_Portfolios_ReadMe.pdf,0.20409311311268877,0.15896449914358265,0.1961974770902862,0.39504082367843607
ZA,ZAF,South Africa,ZA,ZAF,South Africa,2017,Issuance,EF+B,2,0,0,0.0,367.78779430733994,271.6703316960484,96.11746261129156,True,none,GCAP estimated restatement; Position_Residency may include GCAP interpolation/extrapolation per documentation,EA issuer aggregation + diagonal set to zero + within-sample row normalization,GCAP Restated Bilateral External Portfolios v1.8,IMF CPIS,https://globalcapitalallocation.s3.us-east-2.amazonaws.com/Restated_Bilateral_External_Portfolios_ReadMe.pdf,0.0,0.0,0.0,0.0
